CREATE DATABASE  IF NOT EXISTS `vk` /*!40100 DEFAULT CHARACTER SET utf8mb4 COLLATE utf8mb4_0900_ai_ci */ /*!80016 DEFAULT ENCRYPTION='N' */;
USE `vk`;
-- MySQL dump 10.13  Distrib 8.0.26, for Win64 (x86_64)
--
-- Host: localhost    Database: vk
-- ------------------------------------------------------
-- Server version	8.0.26-0ubuntu0.21.04.3

/*!40101 SET @OLD_CHARACTER_SET_CLIENT=@@CHARACTER_SET_CLIENT */;
/*!40101 SET @OLD_CHARACTER_SET_RESULTS=@@CHARACTER_SET_RESULTS */;
/*!40101 SET @OLD_COLLATION_CONNECTION=@@COLLATION_CONNECTION */;
/*!50503 SET NAMES utf8 */;
/*!40103 SET @OLD_TIME_ZONE=@@TIME_ZONE */;
/*!40103 SET TIME_ZONE='+00:00' */;
/*!40014 SET @OLD_UNIQUE_CHECKS=@@UNIQUE_CHECKS, UNIQUE_CHECKS=0 */;
/*!40014 SET @OLD_FOREIGN_KEY_CHECKS=@@FOREIGN_KEY_CHECKS, FOREIGN_KEY_CHECKS=0 */;
/*!40101 SET @OLD_SQL_MODE=@@SQL_MODE, SQL_MODE='NO_AUTO_VALUE_ON_ZERO' */;
/*!40111 SET @OLD_SQL_NOTES=@@SQL_NOTES, SQL_NOTES=0 */;

--
-- Table structure for table `communities`
--

DROP TABLE IF EXISTS `communities`;
/*!40101 SET @saved_cs_client     = @@character_set_client */;
/*!50503 SET character_set_client = utf8mb4 */;
CREATE TABLE `communities` (
  `id` int unsigned NOT NULL AUTO_INCREMENT,
  `name` varchar(150) NOT NULL,
  `created_at` datetime DEFAULT CURRENT_TIMESTAMP,
  `updated_at` datetime DEFAULT CURRENT_TIMESTAMP ON UPDATE CURRENT_TIMESTAMP,
  PRIMARY KEY (`id`),
  UNIQUE KEY `name` (`name`)
) ENGINE=InnoDB AUTO_INCREMENT=101 DEFAULT CHARSET=utf8mb4 COLLATE=utf8mb4_0900_ai_ci;
/*!40101 SET character_set_client = @saved_cs_client */;

--
-- Dumping data for table `communities`
--

LOCK TABLES `communities` WRITE;
/*!40000 ALTER TABLE `communities` DISABLE KEYS */;
INSERT INTO `communities` VALUES (1,'implement frictionless bandwidth','1994-09-06 03:23:43','2021-09-13 21:49:01'),(2,'streamline user-centric systems','1979-07-25 06:13:09','1992-11-08 21:09:58'),(3,'reinvent rich vortals','1987-09-22 21:34:04','2015-08-27 19:30:32'),(4,'incentivize rich partnerships','1992-12-03 15:27:24','1995-10-05 08:25:46'),(5,'innovate user-centric e-services','1990-04-14 23:55:38','2021-09-13 21:49:01'),(6,'reinvent leading-edge synergies','1989-06-12 23:09:25','2021-09-13 21:49:01'),(7,'architect scalable action-items','2006-04-28 16:36:52','2021-09-13 21:49:01'),(8,'harness 24/7 partnerships','1999-06-08 14:19:30','2021-09-13 21:49:01'),(9,'syndicate scalable eyeballs','1983-09-22 10:34:32','1991-12-28 15:36:13'),(10,'e-enable cross-media e-services','2013-11-16 08:28:29','2021-09-13 21:49:01'),(11,'visualize customized action-items','2009-12-31 17:39:33','2021-09-13 21:49:01'),(12,'orchestrate proactive eyeballs','1974-09-20 17:27:53','1995-06-10 14:05:59'),(13,'repurpose integrated architectures','1992-01-16 14:35:02','2019-10-20 07:41:12'),(14,'seize back-end architectures','1993-09-16 15:12:47','2021-09-13 21:49:01'),(15,'streamline dot-com portals','2004-05-25 17:56:21','2007-06-08 00:02:53'),(16,'monetize out-of-the-box schemas','1986-06-05 00:15:17','2015-12-17 20:24:55'),(17,'brand interactive webservices','1982-12-25 22:36:50','2021-09-13 21:49:01'),(18,'orchestrate magnetic e-services','2021-08-10 13:42:35','2021-09-13 21:49:01'),(19,'incubate user-centric applications','1971-08-24 15:49:01','1981-06-10 17:34:41'),(20,'extend rich architectures','1983-07-19 13:01:23','1998-09-13 00:26:21'),(21,'synthesize enterprise networks','1981-04-23 04:34:24','2008-10-02 19:08:34'),(22,'repurpose cutting-edge solutions','1995-01-14 05:10:16','2007-10-22 11:21:59'),(23,'target 24/365 e-markets','2007-03-16 12:11:18','2021-09-13 21:49:01'),(24,'orchestrate back-end e-markets','2004-07-31 08:52:19','2021-09-13 21:49:01'),(25,'recontextualize world-class niches','1989-11-28 03:27:24','2001-09-04 03:08:49'),(26,'unleash cross-media functionalities','1995-08-08 06:08:24','2017-12-24 08:25:15'),(27,'implement next-generation technologies','2014-04-22 11:09:30','2021-09-13 21:49:01'),(28,'iterate compelling convergence','1975-06-18 16:23:29','1985-06-12 15:13:39'),(29,'optimize revolutionary communities','1993-05-31 13:45:44','2021-09-13 21:49:01'),(30,'grow killer partnerships','2016-11-05 16:20:37','2021-09-13 21:49:01'),(31,'incubate visionary communities','2013-09-10 23:39:06','2021-09-13 21:49:01'),(32,'scale mission-critical content','1990-07-02 21:00:42','1994-11-05 23:37:50'),(33,'maximize compelling portals','2010-03-03 09:13:17','2021-09-13 21:49:01'),(34,'whiteboard wireless users','2007-11-03 18:25:59','2021-09-13 21:49:01'),(35,'transition interactive e-commerce','2013-01-22 04:20:28','2021-09-13 21:49:01'),(36,'leverage user-centric portals','2021-08-04 12:38:55','2021-09-13 21:49:01'),(37,'facilitate vertical channels','2020-08-25 17:00:45','2021-09-13 21:49:01'),(38,'embrace bleeding-edge paradigms','2008-06-02 10:53:56','2021-09-13 21:49:01'),(39,'synergize efficient users','1982-06-29 17:00:34','1994-08-02 20:10:45'),(40,'maximize user-centric deliverables','2002-12-04 07:57:53','2021-09-13 21:49:01'),(41,'transition distributed markets','2016-02-29 12:13:10','2021-09-13 21:49:01'),(42,'deploy world-class e-commerce','1985-09-23 08:32:10','1987-10-27 05:10:29'),(43,'architect next-generation networks','2019-03-31 22:33:26','2021-09-13 21:49:01'),(44,'deliver rich action-items','2003-03-06 23:28:27','2018-08-15 23:27:30'),(45,'engineer dot-com markets','1999-06-18 06:52:25','2021-09-13 21:49:01'),(46,'maximize synergistic platforms','1972-08-11 03:57:29','1997-04-05 18:05:47'),(47,'extend 24/7 channels','1985-03-31 04:00:06','2020-09-14 06:49:02'),(48,'reinvent cross-platform schemas','2002-07-27 03:02:48','2004-02-06 04:28:23'),(49,'matrix viral relationships','2002-09-01 05:14:39','2021-09-13 21:49:01'),(50,'aggregate synergistic e-services','2020-04-04 16:39:12','2021-09-13 21:49:01'),(51,'generate B2B e-commerce','1972-11-26 23:43:02','1987-04-17 10:19:52'),(52,'engage wireless markets','2004-05-07 01:13:26','2021-09-13 21:49:01'),(53,'synthesize end-to-end mindshare','1974-04-10 07:17:53','2007-12-24 07:36:04'),(54,'seize sexy models','1986-01-14 23:32:39','1999-04-07 04:39:43'),(55,'iterate B2B deliverables','2007-02-25 17:54:25','2021-09-13 21:49:01'),(56,'visualize virtual action-items','2011-04-08 09:19:35','2020-07-23 11:49:27'),(57,'reintermediate magnetic communities','1971-09-16 21:59:31','1980-02-15 01:15:09'),(58,'extend frictionless networks','1987-01-15 07:56:04','1994-05-02 03:43:28'),(59,'embrace efficient ROI','1971-04-11 14:11:59','2007-10-14 12:37:25'),(60,'harness value-added platforms','1985-06-02 11:58:24','2021-09-13 21:49:01'),(61,'evolve global functionalities','2000-06-23 11:54:20','2021-09-13 21:49:01'),(62,'synthesize value-added webservices','2021-08-22 16:06:34','2021-09-13 21:49:01'),(63,'reintermediate magnetic interfaces','1999-06-05 00:35:27','2021-09-13 21:49:01'),(64,'expedite bricks-and-clicks supply-chains','2014-11-18 19:02:22','2021-09-13 21:49:01'),(65,'exploit open-source portals','1992-09-05 16:05:37','2021-09-13 21:49:01'),(66,'embrace virtual e-services','1990-01-19 04:09:29','1999-09-05 15:25:01'),(67,'aggregate extensible infomediaries','2014-08-31 20:40:23','2021-09-13 21:49:01'),(68,'disintermediate plug-and-play web-readiness','1973-06-16 14:31:15','2014-05-16 02:56:38'),(69,'synthesize cross-media architectures','2016-08-30 20:00:09','2019-10-20 08:23:35'),(70,'seize end-to-end action-items','2018-05-12 23:23:04','2018-05-15 05:08:21'),(71,'evolve out-of-the-box mindshare','1979-06-14 01:32:11','2020-12-14 00:23:59'),(72,'e-enable customized users','2016-08-21 04:45:50','2021-09-13 21:49:01'),(73,'deliver revolutionary e-business','1982-06-18 11:44:59','2001-07-17 05:52:28'),(74,'brand compelling initiatives','2012-07-29 09:37:56','2021-09-13 21:49:01'),(75,'embrace real-time e-markets','2020-09-29 19:44:36','2021-09-13 21:49:01'),(76,'syndicate ubiquitous action-items','2007-09-13 01:04:10','2007-10-05 01:44:39'),(77,'disintermediate distributed channels','1997-12-24 09:28:36','2016-04-22 16:32:17'),(78,'grow magnetic e-markets','1983-06-20 20:58:30','2018-08-11 04:24:57'),(79,'revolutionize open-source functionalities','1987-01-31 17:24:21','2021-09-13 21:49:01'),(80,'extend plug-and-play e-markets','2003-07-08 22:38:49','2021-09-13 21:49:01'),(81,'reintermediate viral bandwidth','1985-06-26 14:49:51','2021-09-13 21:49:01'),(82,'disintermediate global bandwidth','2009-10-08 06:47:09','2021-09-13 21:49:01'),(83,'orchestrate B2B solutions','1999-04-09 21:16:35','2021-09-13 21:49:01'),(84,'enhance front-end e-tailers','2021-07-28 16:21:08','2021-09-13 21:49:01'),(85,'generate virtual models','1997-06-13 04:55:13','2014-10-15 14:37:16'),(86,'monetize impactful initiatives','2012-07-05 18:39:14','2021-09-13 21:49:01'),(87,'revolutionize distributed technologies','2014-01-07 19:19:22','2021-09-13 21:49:01'),(88,'incubate interactive bandwidth','1976-12-03 15:27:12','1990-02-03 15:38:11'),(89,'morph innovative niches','1972-09-18 13:37:52','1975-10-22 14:03:52'),(90,'incentivize extensible e-services','1995-02-21 21:36:29','1999-07-07 03:53:45'),(91,'redefine viral mindshare','1994-07-12 06:52:38','2021-09-13 21:49:01'),(92,'enhance sexy e-markets','2015-10-07 18:08:40','2017-08-05 17:17:35'),(93,'synthesize sexy partnerships','2010-02-08 12:49:37','2021-09-13 21:49:01'),(94,'leverage 24/365 infomediaries','2020-03-05 13:40:39','2021-09-13 21:49:01'),(95,'brand wireless e-business','1982-06-30 07:04:27','2008-07-09 09:36:55'),(96,'cultivate bricks-and-clicks technologies','1997-04-18 23:15:42','2013-10-09 08:11:21'),(97,'integrate leading-edge infrastructures','2004-07-29 07:01:59','2015-04-03 13:39:01'),(98,'whiteboard synergistic synergies','1998-04-25 10:09:58','2012-03-26 04:30:46'),(99,'grow holistic e-tailers','1988-03-25 06:53:11','2020-02-23 07:02:22'),(100,'repurpose next-generation niches','2009-05-09 14:55:30','2021-09-13 21:49:01');
/*!40000 ALTER TABLE `communities` ENABLE KEYS */;
UNLOCK TABLES;

--
-- Table structure for table `communities_users`
--

DROP TABLE IF EXISTS `communities_users`;
/*!40101 SET @saved_cs_client     = @@character_set_client */;
/*!50503 SET character_set_client = utf8mb4 */;
CREATE TABLE `communities_users` (
  `community_id` int unsigned NOT NULL,
  `user_id` int unsigned NOT NULL,
  `created_at` datetime DEFAULT CURRENT_TIMESTAMP,
  `updated_at` datetime DEFAULT CURRENT_TIMESTAMP ON UPDATE CURRENT_TIMESTAMP,
  PRIMARY KEY (`community_id`,`user_id`),
  KEY `communities_user_id` (`user_id`),
  CONSTRAINT `communities_community_id` FOREIGN KEY (`community_id`) REFERENCES `communities` (`id`),
  CONSTRAINT `communities_user_id` FOREIGN KEY (`user_id`) REFERENCES `users` (`id`)
) ENGINE=InnoDB DEFAULT CHARSET=utf8mb4 COLLATE=utf8mb4_unicode_ci;
/*!40101 SET character_set_client = @saved_cs_client */;

--
-- Dumping data for table `communities_users`
--

LOCK TABLES `communities_users` WRITE;
/*!40000 ALTER TABLE `communities_users` DISABLE KEYS */;
INSERT INTO `communities_users` VALUES (1,86,'1983-10-10 01:38:12','1986-10-16 15:18:23'),(2,40,'2002-05-31 07:08:38','2011-11-03 18:55:38'),(2,87,'1976-02-13 08:51:56','1977-06-17 22:30:30'),(2,94,'1970-06-01 20:07:09','2005-01-09 17:00:38'),(3,19,'2000-10-26 06:39:19','2021-09-13 21:53:33'),(3,31,'1986-05-30 04:02:00','2021-09-13 21:53:33'),(3,98,'1973-08-30 16:09:40','1974-07-09 06:10:29'),(4,7,'1993-05-11 19:49:50','2002-10-30 15:11:21'),(4,21,'2003-03-02 18:23:52','2021-09-13 21:53:33'),(6,37,'2005-03-12 15:33:51','2021-09-13 21:53:33'),(7,15,'2007-05-21 05:00:17','2021-09-13 21:53:33'),(7,63,'1990-07-04 09:53:28','2021-09-13 21:53:33'),(9,18,'2010-03-19 20:38:43','2021-09-13 21:53:33'),(10,10,'2000-04-03 06:00:42','2021-05-26 20:01:24'),(13,82,'1987-12-29 21:17:26','2021-09-13 21:53:33'),(14,6,'2004-09-30 20:38:45','2021-09-13 21:53:33'),(15,22,'2016-01-01 04:53:30','2021-09-13 21:53:33'),(16,14,'2012-08-09 11:45:30','2019-09-20 01:53:52'),(18,65,'1986-12-19 17:35:22','2021-09-13 21:53:33'),(18,76,'1989-11-10 10:10:45','2021-09-13 21:53:33'),(19,5,'2012-02-18 02:17:05','2013-12-31 20:27:20'),(26,66,'1970-03-25 23:44:31','1990-12-17 16:43:13'),(26,80,'1985-01-12 00:26:54','1999-05-20 20:17:43'),(26,99,'1985-08-13 06:41:29','2021-09-13 21:53:33'),(27,74,'2016-11-03 15:16:20','2021-09-13 21:53:33'),(28,51,'1990-12-04 17:37:08','2021-09-13 21:53:33'),(28,54,'1975-07-15 01:14:55','1991-07-20 02:41:32'),(28,55,'1972-03-14 14:33:10','1999-11-15 18:21:25'),(28,97,'1996-12-16 05:34:06','2021-09-13 21:53:33'),(29,90,'1991-08-04 05:43:37','2020-05-23 14:27:44'),(30,77,'1977-01-22 15:56:39','2016-02-24 22:36:26'),(32,61,'2006-08-01 11:56:50','2021-09-13 21:53:33'),(33,84,'2012-12-19 08:58:36','2021-09-13 21:53:33'),(36,72,'1987-01-12 18:14:36','1997-02-16 21:30:04'),(36,73,'2004-05-31 23:32:41','2019-03-22 19:05:43'),(37,57,'2001-10-16 15:58:51','2021-09-13 21:53:33'),(39,25,'2020-06-12 13:31:41','2021-09-13 21:53:33'),(40,45,'2018-01-13 06:46:48','2021-09-13 21:53:33'),(40,85,'1974-03-24 06:03:19','1995-12-13 10:52:57'),(44,33,'1982-12-23 00:32:32','1985-10-30 18:13:12'),(44,96,'1996-01-17 14:11:22','2021-09-13 21:53:33'),(45,23,'1975-05-01 09:32:51','2020-08-31 19:11:08'),(45,52,'2007-06-07 03:06:13','2021-09-13 21:53:33'),(45,88,'2018-06-17 21:04:16','2021-09-13 21:53:33'),(46,39,'2004-03-18 08:07:39','2010-10-02 19:58:21'),(48,17,'1995-09-10 22:22:06','2021-09-13 21:53:33'),(48,27,'1970-10-19 23:43:47','2000-11-26 05:50:38'),(48,60,'2019-08-02 02:47:43','2021-09-13 21:53:33'),(49,1,'2020-12-11 05:13:00','2021-09-13 21:53:33'),(49,9,'1971-02-09 03:34:24','2010-02-23 04:22:11'),(49,53,'1970-05-08 06:25:35','1998-08-09 23:07:33'),(50,11,'1989-11-06 09:48:45','2012-10-11 17:50:52'),(50,26,'1994-01-29 05:41:30','1994-02-04 12:34:53'),(50,41,'1984-06-30 18:51:01','2021-09-13 21:53:33'),(53,2,'2015-04-04 12:24:42','2021-09-13 21:53:33'),(58,58,'1978-11-07 15:17:57','2001-07-05 20:04:42'),(59,75,'2017-07-12 08:56:08','2021-09-13 21:53:33'),(60,67,'1971-10-06 21:37:20','1973-05-15 12:41:48'),(61,4,'2015-05-03 01:37:47','2021-09-13 21:53:33'),(61,59,'2001-02-01 11:53:14','2021-09-13 21:53:33'),(61,92,'1981-06-30 02:57:54','2009-06-08 11:03:54'),(63,32,'2001-06-05 20:55:27','2021-09-13 21:53:33'),(63,50,'2018-10-09 01:48:16','2021-09-13 21:53:33'),(64,91,'2003-06-23 23:31:00','2021-09-13 21:53:33'),(65,38,'1985-08-04 10:12:36','1999-12-23 02:37:43'),(65,95,'1981-05-18 13:22:36','2013-10-28 11:14:56'),(66,56,'1997-11-09 16:47:05','2021-02-07 06:07:24'),(67,71,'1974-02-18 13:32:34','2001-08-31 18:09:53'),(69,28,'1982-10-20 06:10:43','2021-09-13 21:53:33'),(69,62,'1987-03-02 13:26:19','2021-09-13 21:53:33'),(70,24,'1980-12-13 17:56:25','1992-08-11 14:42:46'),(70,36,'1992-11-17 04:48:22','2021-09-13 21:53:33'),(76,93,'2013-07-05 03:10:03','2021-09-13 21:53:33'),(80,8,'1984-05-22 07:31:13','1995-02-28 12:17:38'),(81,42,'1995-02-01 17:06:26','2021-09-13 21:53:33'),(81,68,'2010-12-29 20:46:13','2021-09-13 21:53:33'),(82,34,'2018-11-14 18:14:16','2021-09-13 21:53:33'),(83,83,'2006-05-05 19:05:29','2021-09-13 21:53:33'),(84,29,'1990-06-03 20:38:32','2012-06-19 18:17:39'),(85,81,'1993-06-12 15:34:10','2020-10-17 19:15:00'),(86,13,'2021-05-18 21:10:51','2021-09-13 21:53:33'),(88,16,'1981-12-20 20:00:50','2009-05-16 08:33:21'),(88,78,'2020-08-05 18:30:57','2021-09-13 21:53:33'),(89,20,'2004-08-23 06:39:56','2008-09-26 15:46:58'),(89,48,'1998-10-15 12:51:11','2021-09-13 21:53:33'),(89,79,'1974-02-17 12:30:41','2019-02-09 14:19:05'),(89,100,'1996-03-28 10:52:03','2021-09-13 21:53:33'),(90,43,'2011-02-02 10:51:30','2015-06-23 23:11:59'),(91,49,'2000-02-08 10:35:14','2021-09-13 21:53:33'),(91,69,'2008-03-12 22:07:41','2021-09-13 21:53:33'),(91,89,'2009-06-15 05:42:14','2021-09-13 21:53:33'),(92,47,'1977-12-11 13:19:16','1992-09-15 18:53:17'),(93,12,'1971-10-31 14:08:08','1995-02-03 00:30:03'),(94,70,'1975-08-24 11:41:59','2004-01-18 15:03:10'),(97,30,'1991-03-13 06:03:51','2013-11-23 12:22:22'),(97,46,'1972-08-27 10:53:21','2004-12-09 05:33:05'),(97,64,'1986-06-02 03:48:41','1998-02-16 21:27:34'),(99,3,'1984-08-27 23:59:10','2021-09-13 21:53:33'),(99,44,'1978-12-11 15:12:09','2008-11-23 05:35:08'),(100,35,'1998-10-15 15:49:52','2017-01-24 20:51:51');
/*!40000 ALTER TABLE `communities_users` ENABLE KEYS */;
UNLOCK TABLES;

--
-- Table structure for table `friendship`
--

DROP TABLE IF EXISTS `friendship`;
/*!40101 SET @saved_cs_client     = @@character_set_client */;
/*!50503 SET character_set_client = utf8mb4 */;
CREATE TABLE `friendship` (
  `user_id` int unsigned NOT NULL,
  `friend_id` int unsigned NOT NULL,
  `request_type_id` int unsigned NOT NULL,
  `requested_at` datetime NOT NULL,
  `confirmed_at` datetime DEFAULT NULL,
  `created_at` datetime DEFAULT CURRENT_TIMESTAMP,
  `updated_at` datetime DEFAULT CURRENT_TIMESTAMP,
  PRIMARY KEY (`user_id`,`friend_id`),
  KEY `friendship_friend_id` (`friend_id`),
  KEY `friendship_request_type_id` (`request_type_id`),
  CONSTRAINT `friendship_friend_id` FOREIGN KEY (`friend_id`) REFERENCES `users` (`id`),
  CONSTRAINT `friendship_request_type_id` FOREIGN KEY (`request_type_id`) REFERENCES `friendship_request_types` (`id`),
  CONSTRAINT `friendship_user_id` FOREIGN KEY (`user_id`) REFERENCES `users` (`id`)
) ENGINE=InnoDB DEFAULT CHARSET=utf8mb4 COLLATE=utf8mb4_unicode_ci;
/*!40101 SET character_set_client = @saved_cs_client */;

--
-- Dumping data for table `friendship`
--

LOCK TABLES `friendship` WRITE;
/*!40000 ALTER TABLE `friendship` DISABLE KEYS */;
INSERT INTO `friendship` VALUES (1,46,2,'2000-04-02 19:12:57','1990-04-13 07:28:25','1998-07-24 10:12:23','2021-09-13 21:52:06'),(2,2,3,'1974-01-16 15:40:53','2018-12-20 03:52:27','1994-07-07 06:49:36','2021-09-13 21:52:06'),(2,99,3,'1976-02-27 10:45:42','1976-02-18 02:19:55','1994-02-08 13:54:37','2018-03-30 09:36:49'),(2,100,1,'1972-08-05 21:39:18','1987-12-25 12:59:04','1985-10-13 19:47:09','2010-11-25 23:35:34'),(3,13,2,'2008-12-02 09:09:19','1999-09-19 08:51:29','1981-08-05 14:22:22','2021-09-13 21:52:06'),(4,44,2,'2012-12-22 01:26:36','1973-06-16 03:59:40','1994-07-03 16:25:44','2021-09-13 21:52:06'),(5,15,1,'2019-03-08 03:34:12','2015-06-19 11:41:09','2020-02-20 13:50:19','2021-09-13 21:52:06'),(6,32,2,'1974-07-04 18:56:52','2009-01-11 15:53:54','1971-10-13 23:44:29','2002-03-15 23:26:30'),(7,17,2,'1970-07-06 11:07:38','2018-01-11 13:37:19','1975-12-23 09:53:40','2015-09-07 09:25:29'),(9,86,3,'2002-10-25 15:05:41','1983-07-09 14:51:44','2006-04-17 15:35:40','2021-09-13 21:52:06'),(12,4,2,'2012-07-25 13:34:00','2019-09-27 01:32:47','1978-04-26 12:14:16','1995-08-02 05:43:10'),(14,31,1,'1976-10-28 05:54:02','2014-10-01 12:20:35','1996-05-18 17:59:50','2018-06-13 05:21:30'),(15,72,3,'1970-01-15 01:02:12','2008-08-19 02:41:18','2007-08-08 19:20:12','2021-09-13 21:52:06'),(16,1,3,'2015-10-12 17:28:22','1994-11-18 08:13:48','1972-06-18 08:50:40','2008-07-23 02:39:54'),(16,21,1,'1970-04-20 15:09:31','2004-07-02 12:07:05','1990-01-27 11:49:07','1997-04-16 22:23:16'),(16,26,2,'1994-03-21 10:31:55','1982-04-13 17:45:33','2000-01-13 21:51:30','2021-09-13 21:52:06'),(16,59,3,'1979-10-24 14:38:13','1988-10-04 13:51:30','1988-02-16 06:08:19','2021-09-13 21:52:06'),(17,65,1,'1995-07-13 23:46:28','2018-06-24 16:54:55','2013-06-14 10:03:55','2021-09-13 21:52:06'),(18,15,3,'1974-12-27 05:30:32','1987-05-09 22:22:14','1993-02-17 22:47:18','2000-01-03 07:57:17'),(19,17,1,'2017-05-13 23:58:45','2002-12-09 10:12:49','2004-12-18 01:11:39','2021-09-13 21:52:06'),(20,43,3,'2005-08-17 23:33:51','2019-04-07 02:12:00','1981-06-26 05:25:05','1999-10-19 12:23:22'),(22,3,2,'2019-05-13 15:32:04','2018-09-26 09:20:05','2012-08-12 17:34:24','2021-09-13 21:52:06'),(25,87,1,'2012-09-20 23:33:00','1981-07-07 05:41:01','2007-01-21 13:59:08','2020-05-19 12:15:10'),(26,16,3,'2017-02-16 23:50:56','1995-11-26 21:38:02','2005-09-30 02:09:38','2021-03-18 08:36:01'),(26,21,3,'2006-11-02 11:47:29','1977-05-24 08:54:36','1992-08-03 07:56:17','2021-09-13 21:52:06'),(27,73,3,'2020-02-25 03:06:14','1996-10-05 01:52:08','1982-10-04 14:37:15','1995-10-26 04:43:47'),(28,6,2,'2007-09-12 22:44:50','1980-03-15 14:23:56','1981-11-05 14:50:03','2012-10-18 04:48:10'),(28,46,1,'1971-03-08 13:33:27','1985-12-30 09:39:49','2005-08-19 21:37:52','2021-09-13 21:52:06'),(29,5,1,'1986-09-29 14:55:25','1973-07-31 14:24:27','1998-08-01 05:36:55','2006-01-22 23:08:59'),(29,88,2,'2007-10-17 12:50:47','1998-11-18 14:25:41','2009-08-28 14:40:58','2021-09-13 21:52:06'),(29,96,3,'2004-10-11 19:41:36','1977-01-08 04:33:38','2014-02-17 23:00:06','2021-09-13 21:52:06'),(30,22,1,'2005-04-01 23:19:02','2009-03-10 01:42:57','2001-02-28 04:18:25','2004-02-14 13:57:32'),(30,86,2,'2020-09-20 17:50:48','1991-11-16 10:37:10','1977-02-11 12:33:57','1978-10-05 23:43:57'),(32,25,1,'1987-12-28 11:31:51','1983-12-07 08:10:57','1992-12-02 13:56:00','2010-06-04 18:22:53'),(32,58,1,'2009-11-02 10:58:26','1990-01-12 04:14:31','1990-05-30 13:22:57','1995-11-23 19:54:34'),(34,71,1,'1997-09-07 00:15:35','1970-12-07 13:19:53','2016-06-19 14:47:50','2021-09-13 21:52:06'),(34,80,3,'1973-11-22 05:23:49','1970-11-03 14:17:01','1982-09-15 16:12:29','1984-10-02 15:12:58'),(35,79,1,'2010-09-27 05:04:20','2012-10-25 23:24:35','1970-10-04 23:44:10','2001-01-03 23:36:55'),(37,74,1,'2020-01-04 18:55:49','2007-12-07 23:28:25','1990-08-10 22:41:01','2003-12-14 23:53:49'),(39,88,1,'2016-02-11 02:02:25','1998-12-29 16:21:08','2006-06-16 03:28:06','2021-09-13 21:52:06'),(41,56,3,'2007-11-25 03:49:48','1995-09-10 06:47:24','1974-03-13 08:05:03','2012-03-02 03:29:36'),(42,21,1,'1970-05-13 20:30:02','1992-06-12 16:47:11','1998-07-08 19:13:49','2011-12-17 22:34:32'),(44,14,1,'1986-05-22 00:54:43','1971-03-22 06:25:47','1979-06-07 11:39:05','2016-08-29 10:40:59'),(44,16,1,'2002-06-17 12:51:30','2014-06-26 22:36:27','2015-04-13 23:42:43','2021-09-13 21:52:06'),(44,43,3,'1999-08-28 02:39:17','2002-02-12 13:14:40','2020-10-30 20:26:05','2021-09-13 21:52:06'),(48,89,1,'1999-07-16 05:29:41','1986-09-05 04:20:05','1970-11-14 03:02:55','1971-12-28 10:16:53'),(49,97,2,'2007-04-26 08:25:46','2004-04-15 02:27:51','2015-11-02 16:52:17','2021-09-13 21:52:06'),(50,16,3,'1973-08-16 22:15:19','2016-05-16 02:48:54','2004-06-10 14:41:23','2021-09-13 21:52:06'),(51,19,2,'2004-10-13 15:44:08','2021-01-16 22:34:42','1970-05-12 15:29:04','1992-03-30 11:12:29'),(51,77,2,'2020-05-14 22:18:11','1976-05-18 08:54:39','1977-07-03 15:02:23','2017-01-01 00:28:23'),(52,44,1,'2005-05-08 06:44:54','1996-09-05 18:49:17','2000-12-24 15:57:08','2021-09-13 21:52:06'),(52,45,3,'1995-03-28 11:41:20','2008-01-26 17:23:57','2021-03-11 21:07:42','2021-09-13 21:52:06'),(53,7,2,'1991-08-26 10:29:59','1996-04-05 21:39:00','1999-05-19 06:26:15','2021-09-13 21:52:06'),(53,94,2,'2005-04-17 06:24:38','2018-03-01 10:20:32','1994-05-29 01:24:18','2021-09-13 21:52:06'),(54,81,3,'1996-09-09 07:57:26','2015-12-05 20:22:56','2012-10-28 06:55:23','2021-09-13 21:52:06'),(55,50,1,'2010-10-09 01:55:08','2005-01-19 15:01:30','2001-11-04 09:31:01','2021-09-13 21:52:06'),(57,32,3,'1993-11-29 16:08:06','1990-02-25 07:36:55','1971-11-09 18:54:55','1977-03-16 11:53:17'),(57,63,2,'2014-12-19 21:38:11','2012-07-29 20:43:53','2018-01-20 12:21:58','2021-09-13 21:52:06'),(58,8,1,'1985-01-25 11:26:34','2019-11-26 22:30:00','1979-09-19 06:52:12','1992-07-19 09:07:41'),(59,49,3,'2004-09-27 16:08:58','2013-09-19 12:49:50','1974-04-26 11:01:25','2020-07-17 11:11:16'),(59,52,2,'1986-01-12 13:40:14','1988-10-03 01:14:54','2001-02-21 15:03:48','2021-09-13 21:52:06'),(59,95,3,'1993-09-03 22:32:43','1990-06-03 22:28:39','1970-07-05 16:46:03','1995-06-01 02:49:03'),(60,49,2,'2004-03-27 07:18:14','2017-10-24 03:05:04','1975-03-16 09:39:08','2021-09-13 21:52:06'),(62,12,3,'2003-12-26 20:29:34','1983-08-12 15:33:50','2012-11-26 16:16:53','2021-09-13 21:52:06'),(63,26,1,'2017-12-09 22:41:02','2011-02-17 10:16:34','1988-10-09 08:45:46','2007-12-28 10:11:39'),(63,40,1,'2020-08-02 11:25:24','2018-12-20 04:52:29','2005-01-21 18:06:29','2021-09-13 21:52:06'),(66,14,3,'1988-08-15 08:53:21','1981-01-13 03:53:54','1972-09-05 11:53:46','2003-06-28 12:34:32'),(66,68,2,'1978-09-07 09:59:16','1984-09-10 11:42:57','1997-12-18 19:11:52','2004-11-26 07:44:10'),(67,35,2,'1994-05-01 14:33:36','1993-07-14 02:00:10','1977-07-02 18:22:04','1979-05-31 16:15:44'),(68,27,1,'2021-01-10 17:06:03','1975-12-13 23:59:22','2019-09-09 09:55:17','2021-09-13 21:52:06'),(69,51,1,'1976-04-14 01:17:34','2016-03-14 18:01:30','2005-09-19 03:20:31','2021-09-13 21:52:06'),(69,57,2,'2017-04-27 18:53:49','1987-12-31 04:22:02','1970-05-18 18:53:38','1979-03-17 23:04:09'),(70,11,3,'1976-02-11 17:07:03','1999-06-19 20:02:33','1970-11-11 13:34:59','1980-06-11 12:11:42'),(72,68,1,'1988-12-05 09:48:50','2012-02-08 05:23:35','1976-04-30 13:42:37','1998-02-26 03:52:19'),(73,10,1,'2005-08-30 21:46:30','2004-04-28 12:11:29','1986-09-19 16:30:39','2012-11-02 13:03:36'),(73,88,2,'2019-11-30 10:52:14','1997-10-21 10:44:39','1990-11-11 13:19:03','2017-04-05 16:01:17'),(74,31,1,'2005-11-14 01:30:45','2012-10-03 23:50:47','2009-05-21 00:27:50','2021-09-13 21:52:06'),(76,11,2,'1978-05-18 17:46:41','1986-11-26 21:16:49','2014-10-14 04:10:14','2021-09-13 21:52:06'),(76,83,1,'2011-05-05 07:59:25','2020-04-12 09:41:21','2013-05-31 07:44:07','2021-09-13 21:52:06'),(77,89,2,'1976-11-02 08:33:49','2006-12-26 21:15:11','1983-11-01 22:06:18','2015-10-05 20:00:17'),(78,17,2,'1977-12-26 06:01:46','1993-10-27 05:02:49','1985-03-18 20:15:26','2021-09-13 21:52:06'),(80,27,3,'1988-04-01 06:03:11','1979-09-04 20:12:21','2004-11-09 21:19:17','2021-09-13 21:52:06'),(82,54,3,'2015-06-15 02:38:51','1974-06-28 08:52:01','2010-06-03 03:58:29','2021-09-13 21:52:06'),(84,47,3,'2006-02-10 03:04:10','2017-10-26 13:31:40','1970-02-09 06:39:19','1979-07-16 01:50:37'),(85,17,2,'1990-10-04 10:27:58','1971-01-05 06:07:03','1989-09-15 13:55:25','2021-09-13 21:52:06'),(86,6,2,'2020-10-23 17:12:56','1991-04-13 16:19:07','1974-07-02 19:01:48','1999-02-18 07:33:11'),(88,42,3,'2017-09-08 06:43:23','1972-01-16 13:01:41','2004-04-23 06:29:41','2021-09-13 21:52:06'),(92,10,2,'2010-09-19 16:35:07','2006-12-12 21:41:22','1999-10-30 12:42:30','2021-09-13 21:52:06'),(92,23,3,'1996-01-05 10:59:23','2002-05-02 16:15:32','2010-10-21 21:37:58','2021-09-13 21:52:06'),(94,65,3,'2016-12-01 14:25:55','1995-08-31 23:25:53','2019-11-30 07:08:29','2021-09-13 21:52:06'),(94,97,2,'1989-10-23 22:24:07','1973-08-10 06:46:15','1974-01-21 20:12:50','1995-02-15 20:16:26'),(95,18,3,'1971-05-22 07:30:13','2003-07-18 07:45:17','1978-07-19 22:57:32','2021-09-13 21:52:06'),(95,53,1,'1993-07-26 20:17:53','1983-05-24 23:43:52','2015-02-08 09:08:51','2021-09-13 21:52:06'),(97,36,3,'1988-10-08 12:42:39','2019-10-11 09:54:58','2015-12-21 00:25:47','2021-09-13 21:52:06'),(99,38,3,'2001-03-12 01:00:40','1988-07-28 09:23:27','1995-04-30 07:43:07','2001-05-11 05:27:18'),(99,66,1,'1971-07-21 10:14:13','1973-06-02 01:51:59','1996-07-14 03:51:22','2013-10-31 18:11:52'),(100,4,2,'2006-08-30 12:41:16','2001-02-17 19:23:05','1973-09-12 07:50:57','1974-03-26 11:16:01'),(100,63,1,'1974-05-06 13:06:57','1979-08-09 21:58:13','1982-11-12 02:24:08','1982-12-16 06:20:11'),(100,88,2,'2016-11-27 09:26:32','2020-07-20 17:47:15','2011-05-24 09:11:51','2014-08-27 14:44:40');
/*!40000 ALTER TABLE `friendship` ENABLE KEYS */;
UNLOCK TABLES;

--
-- Table structure for table `friendship_request_types`
--

DROP TABLE IF EXISTS `friendship_request_types`;
/*!40101 SET @saved_cs_client     = @@character_set_client */;
/*!50503 SET character_set_client = utf8mb4 */;
CREATE TABLE `friendship_request_types` (
  `id` int unsigned NOT NULL AUTO_INCREMENT,
  `name` varchar(150) NOT NULL,
  `created_at` datetime DEFAULT CURRENT_TIMESTAMP,
  `updated_at` datetime DEFAULT CURRENT_TIMESTAMP ON UPDATE CURRENT_TIMESTAMP,
  PRIMARY KEY (`id`),
  UNIQUE KEY `name` (`name`)
) ENGINE=InnoDB AUTO_INCREMENT=4 DEFAULT CHARSET=utf8mb4 COLLATE=utf8mb4_0900_ai_ci;
/*!40101 SET character_set_client = @saved_cs_client */;

--
-- Dumping data for table `friendship_request_types`
--

LOCK TABLES `friendship_request_types` WRITE;
/*!40000 ALTER TABLE `friendship_request_types` DISABLE KEYS */;
INSERT INTO `friendship_request_types` VALUES (1,'pending','2020-01-06 22:46:03','1977-05-01 08:32:54'),(2,'confirmed','1981-07-16 01:46:24','2011-03-11 13:29:05'),(3,'blocked','2009-10-27 00:35:53','2005-10-07 16:01:05');
/*!40000 ALTER TABLE `friendship_request_types` ENABLE KEYS */;
UNLOCK TABLES;

--
-- Table structure for table `likes`
--

DROP TABLE IF EXISTS `likes`;
/*!40101 SET @saved_cs_client     = @@character_set_client */;
/*!50503 SET character_set_client = utf8mb4 */;
CREATE TABLE `likes` (
  `like_id` int unsigned NOT NULL AUTO_INCREMENT,
  `element_id` int unsigned NOT NULL,
  `element_type` enum('messages','posts','media') CHARACTER SET utf8mb4 COLLATE utf8mb4_unicode_ci NOT NULL,
  `user_id` int unsigned NOT NULL,
  `created_at` datetime DEFAULT CURRENT_TIMESTAMP,
  PRIMARY KEY (`like_id`)
) ENGINE=InnoDB AUTO_INCREMENT=101 DEFAULT CHARSET=utf8mb4 COLLATE=utf8mb4_unicode_ci;
/*!40101 SET character_set_client = @saved_cs_client */;

--
-- Dumping data for table `likes`
--

LOCK TABLES `likes` WRITE;
/*!40000 ALTER TABLE `likes` DISABLE KEYS */;
INSERT INTO `likes` VALUES (1,2,'messages',20,'1988-04-08 08:46:32'),(2,36,'messages',83,'2018-05-25 00:25:10'),(3,15,'messages',39,'2002-09-12 08:18:01'),(4,31,'media',13,'2015-08-28 00:09:39'),(5,8,'media',18,'2016-11-03 15:54:39'),(6,34,'media',52,'2003-05-12 07:06:26'),(7,16,'messages',80,'1992-04-07 13:02:59'),(8,19,'messages',92,'1992-05-16 13:37:28'),(9,36,'posts',93,'1983-02-17 21:50:24'),(10,56,'messages',53,'1976-05-10 08:36:25'),(11,74,'posts',99,'2008-03-12 10:29:39'),(12,82,'messages',88,'1991-05-21 01:31:01'),(13,72,'media',19,'1983-06-18 07:22:40'),(14,69,'messages',65,'2008-04-05 08:23:07'),(15,32,'posts',54,'2002-07-14 11:56:38'),(16,17,'messages',36,'2006-09-29 01:13:12'),(17,49,'messages',64,'1985-03-25 22:16:00'),(18,77,'posts',97,'2008-03-11 14:20:23'),(19,58,'messages',13,'2004-11-19 04:25:12'),(20,22,'posts',95,'1981-07-14 02:26:00'),(21,75,'posts',97,'1985-06-10 18:02:24'),(22,73,'posts',84,'1982-05-08 04:29:40'),(23,13,'media',53,'1996-08-04 20:55:09'),(24,22,'messages',3,'1970-09-03 08:16:27'),(25,43,'media',84,'2008-03-14 22:30:33'),(26,32,'media',98,'1986-03-26 00:07:01'),(27,96,'posts',27,'1970-03-05 15:11:43'),(28,96,'messages',84,'1983-12-18 06:09:26'),(29,25,'posts',69,'1995-05-30 11:48:36'),(30,83,'media',7,'2008-01-30 07:42:53'),(31,25,'posts',59,'1988-01-26 10:38:50'),(32,6,'media',54,'2002-06-17 20:00:03'),(33,100,'posts',65,'1980-06-17 13:12:03'),(34,17,'media',36,'2005-04-03 00:29:12'),(35,50,'posts',7,'2021-08-02 10:32:25'),(36,74,'messages',2,'1993-10-08 06:15:02'),(37,27,'media',31,'1989-05-29 11:37:04'),(38,98,'media',43,'1996-04-16 19:57:18'),(39,55,'posts',54,'2000-10-25 14:55:50'),(40,92,'media',96,'1994-05-24 17:06:14'),(41,67,'posts',60,'1978-05-07 17:30:59'),(42,23,'media',70,'1970-10-06 18:05:28'),(43,16,'media',8,'2012-06-17 15:32:15'),(44,9,'posts',40,'1987-09-10 20:00:52'),(45,63,'media',34,'1970-04-25 11:59:09'),(46,27,'media',100,'1980-03-13 00:17:45'),(47,72,'posts',48,'1978-01-19 04:45:37'),(48,59,'media',31,'1998-02-23 12:24:31'),(49,28,'media',78,'1999-05-05 12:52:01'),(50,1,'posts',49,'2009-08-03 21:57:50'),(51,45,'media',40,'1995-10-19 19:39:22'),(52,99,'messages',56,'2005-08-15 07:44:28'),(53,92,'media',12,'2008-11-11 14:54:26'),(54,32,'messages',59,'2001-07-19 06:23:47'),(55,49,'posts',63,'2013-12-30 16:00:03'),(56,33,'messages',54,'1973-08-12 15:38:50'),(57,97,'messages',41,'1977-08-13 05:26:03'),(58,90,'media',56,'1974-11-20 18:03:07'),(59,36,'posts',34,'1977-11-28 20:25:14'),(60,63,'media',49,'2000-09-11 13:10:45'),(61,58,'messages',29,'2008-07-28 03:54:17'),(62,19,'posts',1,'2002-12-07 06:42:46'),(63,71,'messages',82,'1978-06-30 23:38:44'),(64,4,'posts',4,'1997-12-17 14:04:30'),(65,67,'media',91,'2001-07-12 05:05:24'),(66,81,'media',61,'1972-02-25 04:23:34'),(67,96,'messages',98,'1990-01-15 19:23:08'),(68,92,'messages',29,'1993-01-26 02:36:07'),(69,82,'media',61,'2006-05-04 16:16:31'),(70,55,'media',3,'1983-04-08 15:58:29'),(71,91,'media',37,'1978-02-17 10:36:32'),(72,38,'posts',61,'2001-06-11 14:14:42'),(73,30,'media',79,'1979-11-15 14:54:32'),(74,3,'messages',52,'1971-06-04 01:46:02'),(75,6,'media',24,'1995-11-24 06:40:40'),(76,13,'messages',63,'2017-11-23 04:38:17'),(77,19,'media',92,'2011-12-26 06:36:24'),(78,94,'media',87,'2012-01-29 07:04:49'),(79,10,'media',93,'1980-08-20 06:01:54'),(80,33,'messages',33,'1992-04-27 18:55:06'),(81,7,'media',76,'1972-11-30 14:09:57'),(82,96,'posts',4,'2004-09-11 02:36:17'),(83,91,'posts',70,'2010-09-16 01:04:41'),(84,68,'messages',91,'1978-10-07 22:11:31'),(85,75,'messages',11,'1988-10-11 05:54:53'),(86,81,'media',62,'2011-07-06 17:07:53'),(87,49,'posts',13,'1990-03-30 04:19:51'),(88,26,'messages',11,'1982-07-24 09:34:12'),(89,1,'posts',32,'1985-07-01 02:08:51'),(90,37,'messages',37,'1982-10-25 01:19:44'),(91,28,'media',98,'2006-06-03 01:22:05'),(92,25,'media',92,'1972-01-12 18:57:54'),(93,11,'messages',57,'2006-02-28 11:22:26'),(94,46,'messages',85,'1996-06-03 06:58:50'),(95,17,'posts',33,'1977-12-02 16:37:13'),(96,18,'media',90,'2006-02-03 05:09:57'),(97,13,'posts',96,'2010-04-20 15:27:40'),(98,4,'posts',51,'2021-08-26 05:11:39'),(99,8,'media',48,'1986-02-15 11:56:23'),(100,33,'messages',2,'2012-01-15 05:01:53');
/*!40000 ALTER TABLE `likes` ENABLE KEYS */;
UNLOCK TABLES;

--
-- Table structure for table `media`
--

DROP TABLE IF EXISTS `media`;
/*!40101 SET @saved_cs_client     = @@character_set_client */;
/*!50503 SET character_set_client = utf8mb4 */;
CREATE TABLE `media` (
  `id` int unsigned NOT NULL AUTO_INCREMENT,
  `filename` varchar(255) CHARACTER SET utf8mb4 COLLATE utf8mb4_unicode_ci NOT NULL,
  `media_type_id` int unsigned NOT NULL,
  `metadata` varchar(255) CHARACTER SET utf8mb4 COLLATE utf8mb4_unicode_ci NOT NULL,
  `like_count` int NOT NULL,
  `user_id` int unsigned NOT NULL,
  `created_at` datetime DEFAULT CURRENT_TIMESTAMP,
  `updated_at` datetime DEFAULT CURRENT_TIMESTAMP ON UPDATE CURRENT_TIMESTAMP,
  PRIMARY KEY (`id`),
  KEY `media_media_type_id` (`media_type_id`),
  KEY `media_user_id` (`user_id`),
  CONSTRAINT `media_media_type_id` FOREIGN KEY (`media_type_id`) REFERENCES `media_types` (`id`),
  CONSTRAINT `media_user_id` FOREIGN KEY (`user_id`) REFERENCES `users` (`id`)
) ENGINE=InnoDB AUTO_INCREMENT=101 DEFAULT CHARSET=utf8mb4 COLLATE=utf8mb4_unicode_ci;
/*!40101 SET character_set_client = @saved_cs_client */;

--
-- Dumping data for table `media`
--

LOCK TABLES `media` WRITE;
/*!40000 ALTER TABLE `media` DISABLE KEYS */;
INSERT INTO `media` VALUES (1,'Up-sized value-added collaboration',1,'laboriosam',3222043,1,'2004-12-08 20:15:50','2021-09-13 21:52:15'),(2,'Up-sized value-added systemengine',2,'quod',1068700,2,'1987-11-15 16:09:57','2021-09-13 21:52:15'),(3,'Streamlined even-keeled internetsolution',3,'consequatur',1097753,3,'1985-05-18 19:32:47','2011-02-27 03:55:56'),(4,'Exclusive encompassing artificialintelligence',4,'quia',4092351,4,'1995-08-04 10:43:56','2017-12-04 18:18:53'),(5,'User-friendly optimal capacity',1,'quae',1339008,5,'2002-05-16 08:16:49','2021-09-13 21:52:15'),(6,'Reduced 24hour frame',2,'amet',3411354,6,'1999-04-06 14:03:00','2006-10-09 19:17:26'),(7,'Public-key nextgeneration migration',3,'dolores',3295460,7,'2012-05-08 11:04:58','2021-09-13 21:52:15'),(8,'Profound didactic processimprovement',4,'ut',9693089,8,'2019-04-25 20:28:27','2021-09-13 21:52:15'),(9,'Mandatory context-sensitive database',1,'sapiente',4926349,9,'2000-11-04 11:59:57','2021-09-13 21:52:15'),(10,'Total system-worthy projection',2,'molestiae',3250719,10,'2010-05-23 12:14:01','2021-09-13 21:52:15'),(11,'Triple-buffered holistic artificialintelligence',3,'dolorem',5907328,11,'2009-02-25 19:36:10','2021-09-13 21:52:15'),(12,'Secured system-worthy policy',4,'nemo',715427,12,'2020-06-20 20:09:12','2021-09-13 21:52:15'),(13,'Reduced dedicated pricingstructure',1,'et',5277286,13,'2008-09-23 02:04:00','2021-09-13 21:52:15'),(14,'Exclusive 5thgeneration frame',2,'sequi',361571,14,'1985-11-16 09:03:41','1986-12-29 12:46:52'),(15,'Expanded demand-driven initiative',3,'voluptas',2588814,15,'1974-01-15 17:19:31','2004-08-16 23:33:12'),(16,'Virtual impactful approach',4,'omnis',8493303,16,'1996-10-14 03:05:33','1998-08-29 08:24:50'),(17,'Optional upward-trending array',1,'harum',6834859,17,'1979-11-11 04:27:30','1980-07-08 21:02:29'),(18,'Quality-focused heuristic strategy',2,'mollitia',3811949,18,'1971-01-06 06:36:02','1983-10-03 03:08:38'),(19,'Vision-oriented leadingedge interface',3,'similique',5324892,19,'1997-12-19 22:40:17','2021-09-13 21:52:15'),(20,'Centralized discrete task-force',4,'aperiam',9240832,20,'1992-03-31 12:03:37','2012-09-15 17:35:11'),(21,'Synergized needs-based function',1,'est',605199,21,'1980-05-05 02:40:29','2010-11-18 19:06:12'),(22,'Customizable encompassing methodology',2,'soluta',7089053,22,'1971-03-27 03:18:41','2013-04-13 11:21:07'),(23,'Visionary full-range portal',3,'praesentium',9063575,23,'2015-02-11 23:35:00','2021-09-13 21:52:15'),(24,'Enhanced leadingedge instructionset',4,'aut',8120342,24,'2020-07-24 18:31:00','2021-09-13 21:52:15'),(25,'Devolved non-volatile circuit',1,'nisi',8838975,25,'2000-11-01 01:33:48','2021-09-13 21:52:15'),(26,'Inverse optimizing leverage',2,'reiciendis',7881085,26,'1982-06-24 06:20:34','2021-09-13 21:52:15'),(27,'Object-based 24/7 knowledgebase',3,'sunt',8695420,27,'1981-01-04 14:18:25','1994-07-19 03:19:02'),(28,'Enhanced reciprocal adapter',4,'iusto',2661112,28,'1992-10-28 22:17:33','2006-05-28 05:17:24'),(29,'Virtual mission-critical projection',1,'voluptatem',768327,29,'1973-08-01 00:57:54','1982-10-07 08:00:53'),(30,'Right-sized radical middleware',2,'qui',4874459,30,'1997-10-17 10:02:33','2000-03-10 04:07:02'),(31,'Optional well-modulated collaboration',3,'facilis',1691665,31,'2002-03-05 08:30:56','2021-03-05 06:47:05'),(32,'Phased interactive success',4,'ea',3884136,32,'2014-08-26 23:53:07','2021-09-13 21:52:15'),(33,'Distributed fresh-thinking service-desk',1,'incidunt',7748266,33,'1996-07-05 16:50:52','2021-09-13 21:52:15'),(34,'Down-sized directional contingency',2,'ex',5557838,34,'2009-06-14 16:15:12','2021-09-13 21:52:15'),(35,'Virtual stable pricingstructure',3,'sint',3724053,35,'2014-07-31 17:44:49','2016-06-19 23:13:09'),(36,'Cross-group radical info-mediaries',4,'asperiores',1206301,36,'2004-06-29 08:28:59','2021-09-13 21:52:15'),(37,'Profound static leverage',1,'adipisci',617725,37,'1992-05-23 19:24:51','2020-05-28 18:06:21'),(38,'Intuitive 6thgeneration access',2,'culpa',1744300,38,'1972-06-18 05:42:00','1973-06-07 07:15:17'),(39,'De-engineered object-oriented database',3,'nihil',5415942,39,'1980-05-03 10:09:49','1992-02-20 19:09:48'),(40,'Re-engineered tertiary hub',4,'pariatur',2693914,40,'2015-07-02 23:30:07','2021-09-13 21:52:15'),(41,'Cloned foreground opensystem',1,'sed',2612381,41,'2004-11-30 15:19:06','2021-09-13 21:52:15'),(42,'Digitized stable hub',2,'autem',5473587,42,'2005-01-15 08:14:25','2021-09-13 21:52:15'),(43,'Quality-focused even-keeled hierarchy',3,'odit',3502095,43,'1974-11-06 04:03:08','1982-12-01 03:10:19'),(44,'Persistent encompassing orchestration',4,'tempora',8208220,44,'2021-01-15 12:11:45','2021-09-13 21:52:15'),(45,'Up-sized radical approach',1,'perspiciatis',28058,45,'2016-03-27 08:06:23','2021-09-13 21:52:15'),(46,'Diverse executive website',2,'dolor',3084620,46,'2011-10-02 10:14:20','2021-09-13 21:52:15'),(47,'Multi-tiered 3rdgeneration utilisation',3,'veniam',8089793,47,'2006-06-13 21:40:23','2021-09-13 21:52:15'),(48,'Programmable zeroadministration protocol',4,'eius',6087012,48,'1980-05-22 13:12:15','1984-01-03 19:46:25'),(49,'Configurable leadingedge localareanetwork',1,'vel',4427516,49,'2009-07-24 01:41:03','2021-09-13 21:52:15'),(50,'Organized user-facing service-desk',2,'quis',3304848,50,'2002-10-13 15:14:47','2004-01-17 00:40:59'),(51,'Stand-alone demand-driven workforce',3,'alias',9070809,51,'2016-05-05 00:08:30','2021-09-13 21:52:15'),(52,'Vision-oriented web-enabled software',4,'placeat',9407321,52,'2016-06-17 17:44:10','2021-09-13 21:52:15'),(53,'Seamless 24/7 groupware',1,'officiis',3970410,53,'1975-04-23 23:39:30','1991-04-07 17:13:07'),(54,'User-friendly intangible policy',2,'deserunt',3575940,54,'1990-03-26 04:15:23','2021-09-13 21:52:15'),(55,'Function-based foreground customerloyalty',3,'commodi',8014073,55,'2012-03-10 20:12:43','2021-09-13 21:52:15'),(56,'Devolved contextually-based knowledgeuser',4,'enim',7988473,56,'2014-01-21 03:05:17','2021-09-13 21:52:15'),(57,'De-engineered heuristic portal',1,'excepturi',4628429,57,'1998-01-25 20:12:33','2021-09-13 21:52:15'),(58,'Implemented client-server attitude',2,'animi',1677670,58,'2001-07-09 16:18:11','2021-09-13 21:52:15'),(59,'Secured homogeneous support',3,'possimus',9502355,59,'2011-05-21 00:42:11','2021-09-13 21:52:15'),(60,'Mandatory grid-enabled openarchitecture',4,'eos',1613631,60,'1973-08-08 17:09:27','1993-09-16 14:27:55'),(61,'Customizable incremental moratorium',1,'itaque',9407333,61,'2000-04-04 02:22:35','2008-01-05 07:36:13'),(62,'Synchronised composite orchestration',2,'accusantium',2468515,62,'2019-06-24 21:12:50','2021-09-13 21:52:15'),(63,'Stand-alone motivating productivity',3,'rerum',9647909,63,'2007-06-02 23:34:49','2010-10-28 14:58:00'),(64,'Cloned incremental data-warehouse',4,'officia',4661076,64,'2019-01-23 17:30:36','2021-09-13 21:52:15'),(65,'Universal actuating toolset',1,'doloremque',8137714,65,'1995-12-03 22:36:13','2005-11-24 14:30:16'),(66,'Mandatory assymetric attitude',2,'minus',6858453,66,'1973-02-28 06:37:37','2020-04-25 20:21:21'),(67,'Programmable national orchestration',3,'eaque',4077357,67,'1992-07-04 11:59:07','2009-06-10 03:54:31'),(68,'Reduced nextgeneration array',4,'neque',4948170,68,'1988-01-31 12:17:19','2021-09-13 21:52:15'),(69,'Configurable needs-based emulation',1,'impedit',8937716,69,'2019-01-16 22:46:12','2021-09-13 21:52:15'),(70,'Innovative 24hour contingency',2,'porro',8996219,70,'2001-03-14 12:59:46','2011-01-26 08:03:23'),(71,'De-engineered directional pricingstructure',3,'facere',6753772,71,'1979-07-12 21:35:56','2015-02-02 03:54:27'),(72,'Persistent client-driven architecture',4,'aliquam',1980411,72,'1975-08-25 00:19:29','2013-06-03 21:31:03'),(73,'Customizable nextgeneration capability',1,'nulla',4608628,73,'1992-02-12 12:32:45','2021-09-13 21:52:15'),(74,'Object-based multimedia emulation',2,'aliquid',6433904,74,'1982-10-31 21:14:56','1999-02-20 17:01:18'),(75,'Operative motivating attitude',3,'vitae',5902671,75,'2001-06-23 04:35:38','2021-09-13 21:52:15'),(76,'Compatible background budgetarymanagement',4,'quos',4086053,76,'2013-07-08 06:04:55','2021-09-13 21:52:15'),(77,'Networked mobile flexibility',1,'necessitatibus',2333455,77,'2000-06-06 19:18:54','2021-09-13 21:52:15'),(78,'Focused uniform GraphicInterface',2,'ipsam',8649388,78,'2007-06-24 22:26:01','2021-09-13 21:52:15'),(79,'Fundamental systemic utilisation',3,'quasi',8121809,79,'1972-12-18 19:17:13','1983-01-27 23:27:44'),(80,'Multi-lateral zerodefect encoding',4,'illo',8348131,80,'1992-04-07 08:34:15','2014-12-11 06:41:54'),(81,'Monitored static interface',1,'atque',2049715,81,'1970-08-12 21:10:24','1992-10-27 09:28:04'),(82,'Quality-focused leadingedge flexibility',2,'eligendi',6113604,82,'1978-10-12 20:53:39','2021-09-13 21:52:15'),(83,'Fundamental analyzing definition',3,'non',6951625,83,'2001-04-23 19:04:17','2021-09-13 21:52:15'),(84,'Adaptive fresh-thinking portal',4,'recusandae',1501378,84,'2019-11-11 04:00:46','2021-09-13 21:52:15'),(85,'Adaptive grid-enabled moderator',1,'laborum',1095518,85,'2003-01-04 15:17:21','2021-09-13 21:52:15'),(86,'Mandatory nextgeneration parallelism',2,'nesciunt',7917512,86,'1995-09-11 10:38:25','2021-09-13 21:52:15'),(87,'Progressive solution-oriented function',3,'ducimus',6707919,87,'1970-08-04 17:16:42','2008-08-16 17:01:49'),(88,'Future-proofed multi-state alliance',4,'quibusdam',4807982,88,'1982-10-18 06:02:49','1986-12-23 06:05:38'),(89,'Optimized incremental application',1,'odio',2686571,89,'2012-09-02 13:05:24','2021-09-13 21:52:15'),(90,'Digitized zeroadministration application',2,'numquam',4557508,90,'2011-12-04 14:43:04','2014-10-04 02:35:15'),(91,'Vision-oriented holistic protocol',3,'optio',6173253,91,'2017-09-23 16:00:59','2021-09-13 21:52:15'),(92,'Function-based incremental concept',4,'quo',3974263,92,'2007-01-28 06:57:34','2021-09-13 21:52:15'),(93,'Digitized analyzing success',1,'temporibus',5926017,93,'2017-04-29 11:52:18','2019-03-17 05:57:56'),(94,'Synergistic zeroadministration localareanetwork',2,'iste',7195234,94,'2007-05-25 09:25:53','2021-09-13 21:52:15'),(95,'Secured human-resource product',3,'vero',411954,95,'2018-07-19 06:30:41','2021-09-13 21:52:15'),(96,'Organized optimizing installation',4,'voluptate',7055456,96,'1981-07-11 00:06:38','1983-02-19 00:55:13'),(97,'User-friendly fresh-thinking extranet',1,'minima',3681604,97,'1999-02-27 10:34:33','2021-09-13 21:52:15'),(98,'Up-sized radical model',2,'in',9439279,98,'1973-03-28 01:34:36','1990-06-22 12:01:58'),(99,'Upgradable bi-directional concept',3,'aspernatur',454503,99,'1987-04-09 09:25:12','1993-01-01 13:42:30'),(100,'Cloned neutral GraphicalUserInterface',4,'sit',8923065,100,'2012-04-01 21:54:20','2016-12-25 14:37:09');
/*!40000 ALTER TABLE `media` ENABLE KEYS */;
UNLOCK TABLES;

--
-- Table structure for table `media_types`
--

DROP TABLE IF EXISTS `media_types`;
/*!40101 SET @saved_cs_client     = @@character_set_client */;
/*!50503 SET character_set_client = utf8mb4 */;
CREATE TABLE `media_types` (
  `id` int unsigned NOT NULL AUTO_INCREMENT,
  `name` varchar(255) NOT NULL,
  `created_at` datetime DEFAULT CURRENT_TIMESTAMP,
  `updated_at` datetime DEFAULT CURRENT_TIMESTAMP ON UPDATE CURRENT_TIMESTAMP,
  PRIMARY KEY (`id`),
  UNIQUE KEY `name` (`name`)
) ENGINE=InnoDB AUTO_INCREMENT=5 DEFAULT CHARSET=utf8mb4 COLLATE=utf8mb4_0900_ai_ci;
/*!40101 SET character_set_client = @saved_cs_client */;

--
-- Dumping data for table `media_types`
--

LOCK TABLES `media_types` WRITE;
/*!40000 ALTER TABLE `media_types` DISABLE KEYS */;
INSERT INTO `media_types` VALUES (1,'audio','2002-03-15 18:48:49','2005-11-01 18:43:32'),(2,'voice','1991-12-04 21:38:14','2014-08-14 14:09:12'),(3,'video','1983-12-31 12:19:15','2021-09-13 21:54:17'),(4,'picture','2017-08-08 22:02:50','2021-09-13 21:54:17');
/*!40000 ALTER TABLE `media_types` ENABLE KEYS */;
UNLOCK TABLES;

--
-- Table structure for table `messages`
--

DROP TABLE IF EXISTS `messages`;
/*!40101 SET @saved_cs_client     = @@character_set_client */;
/*!50503 SET character_set_client = utf8mb4 */;
CREATE TABLE `messages` (
  `id` int unsigned NOT NULL AUTO_INCREMENT,
  `from_user_id` int unsigned NOT NULL,
  `to_user_id` int unsigned NOT NULL,
  `body` text CHARACTER SET utf8mb4 COLLATE utf8mb4_unicode_ci NOT NULL,
  `is_important` tinyint(1) DEFAULT NULL,
  `is_delivered` tinyint(1) DEFAULT NULL,
  `created_at` datetime DEFAULT CURRENT_TIMESTAMP,
  `updated_at` datetime DEFAULT CURRENT_TIMESTAMP ON UPDATE CURRENT_TIMESTAMP,
  PRIMARY KEY (`id`),
  KEY `messages_from_user_id` (`from_user_id`),
  KEY `messages_to_user_id` (`to_user_id`),
  CONSTRAINT `messages_from_user_id` FOREIGN KEY (`from_user_id`) REFERENCES `users` (`id`),
  CONSTRAINT `messages_to_user_id` FOREIGN KEY (`to_user_id`) REFERENCES `users` (`id`)
) ENGINE=InnoDB AUTO_INCREMENT=101 DEFAULT CHARSET=utf8mb4 COLLATE=utf8mb4_unicode_ci;
/*!40101 SET character_set_client = @saved_cs_client */;

--
-- Dumping data for table `messages`
--

LOCK TABLES `messages` WRITE;
/*!40000 ALTER TABLE `messages` DISABLE KEYS */;
INSERT INTO `messages` VALUES (1,16,1,'Aut perferendis nihil at ipsum excepturi corporis. Ullam quia commodi consequatur ea. Illo est eius sunt sint. Sapiente repellat delectus accusantium quia dolore animi vero aut.',0,0,'1996-01-13 07:40:44','2013-10-24 14:37:27'),(2,65,12,'Perferendis et reiciendis labore rerum qui recusandae explicabo vero. Voluptatem ut et et enim itaque excepturi explicabo. Et eos qui ipsum minus. Est iste minima fugiat voluptatum.',1,0,'2019-09-13 23:30:27','2021-09-13 21:55:14'),(3,21,66,'Maxime quisquam dignissimos quisquam nam totam et. Necessitatibus vel et enim maiores fugit perspiciatis. Dolorum repellendus recusandae qui ipsum. Neque nemo fugit voluptas in. Impedit illum aut et quae ducimus neque voluptatem.',0,1,'1982-08-13 00:11:01','2021-09-13 21:55:14'),(4,18,81,'In non repudiandae sint. Excepturi odio harum recusandae molestiae iure dolores. Possimus qui distinctio omnis magni quo quia dignissimos.',0,0,'1984-04-19 02:21:11','2001-02-07 04:55:58'),(5,27,39,'Sint esse possimus tempore qui. Enim vel commodi ullam. Dignissimos autem consequatur error.',1,1,'1986-11-27 18:20:29','2021-09-13 21:55:14'),(6,12,33,'Cum magnam voluptas nostrum minima ut. Ut placeat neque quia tempora nobis molestiae. Omnis magni et ut eligendi rerum. Error nostrum fugit consequuntur modi quo consequatur. Enim consequatur perferendis non dolor quia est.',1,1,'2010-11-07 13:00:33','2021-09-13 21:55:14'),(7,9,26,'Illo quaerat porro dolor itaque dolores eveniet magni. Consequatur nam quis perferendis reprehenderit enim qui. Nemo distinctio eveniet est laborum quasi voluptatem ipsam quaerat.',1,1,'1975-01-01 20:13:51','1994-10-05 11:40:46'),(8,69,18,'Possimus sequi voluptates et temporibus consequatur itaque. Sapiente omnis qui dolores dicta ut quidem. Accusamus eum aut vero eveniet sapiente qui beatae.',0,0,'1986-06-26 16:00:22','2020-05-22 20:55:20'),(9,55,60,'Voluptatem deserunt delectus voluptas dignissimos. Quia ex aut odit vel libero tempore. Voluptatum expedita repellendus maiores et ut.',1,0,'1970-07-12 09:29:06','2012-12-29 14:04:50'),(10,88,60,'Sunt quod deleniti voluptatem cum. Mollitia tempore sint ut quam corrupti incidunt quam. Qui cumque dolorem nisi illo vero.',1,1,'1972-05-06 10:20:33','2000-11-01 00:30:44'),(11,28,61,'Et earum est odit. Itaque occaecati quas voluptates exercitationem quia et porro. Fugit consequatur et iusto natus placeat impedit.',1,1,'1982-11-08 23:17:53','2021-09-13 21:55:14'),(12,84,40,'Sint laboriosam id et voluptate dolorum adipisci. Illum sit esse quaerat nobis et blanditiis autem. Pariatur veritatis vel architecto numquam in.',0,0,'1989-06-22 13:19:42','1997-10-31 17:35:42'),(13,75,24,'Repudiandae quidem omnis modi veritatis dolores quo. Illum autem explicabo est quam nemo sed omnis ex. Quasi commodi cumque non beatae nostrum ratione laudantium. Id alias delectus eveniet ut tempora.',0,1,'1992-05-06 02:30:35','2012-09-16 13:36:59'),(14,15,40,'Et omnis aut fugit assumenda suscipit. Aut incidunt dolor omnis aut. Minima magnam voluptas quia veniam est. Laboriosam voluptatem enim aut consequatur consequatur laboriosam et.',1,0,'1995-03-12 01:33:22','2007-11-03 13:29:05'),(15,35,65,'Eos et repellat at aliquam. Quaerat voluptatem dolorum voluptatem blanditiis reprehenderit autem.',1,1,'2010-03-14 13:20:47','2021-09-13 21:55:14'),(16,56,25,'Cum laudantium voluptas error pariatur. Ea aut omnis aut quia consectetur ut molestiae. Similique porro voluptate ipsa voluptatem sit voluptatem provident. Deleniti numquam eum error ipsa saepe odio qui.',0,0,'1998-01-19 00:05:40','2021-09-13 21:55:14'),(17,30,53,'Sed eligendi exercitationem velit nulla. Quasi et odio numquam dolor quis modi. Quibusdam porro est aspernatur distinctio officia voluptatem.',0,1,'2017-01-29 11:55:15','2021-09-13 21:55:14'),(18,75,60,'Iure reprehenderit qui consequatur et sed dolorem minus. Dolorum vel sed nisi. Voluptatem recusandae qui dolorum rem error voluptatem. Qui maiores repellendus et praesentium et hic.',0,0,'2019-03-23 12:58:19','2021-09-13 21:55:14'),(19,100,71,'Accusantium sed laborum debitis quod nam. Voluptas nemo at et illo et laudantium. Quidem quo aut ut voluptas laboriosam et ut.',0,1,'1976-08-25 03:02:37','2000-07-28 06:03:31'),(20,37,61,'Molestiae nihil animi sit facere ab. Voluptas vero quibusdam provident repellendus magnam aut inventore. Quaerat laborum repellat et beatae rem. Blanditiis et veritatis ut earum eos harum.',1,0,'1998-02-21 06:06:10','2021-09-13 21:55:14'),(21,45,23,'Incidunt molestias voluptate ipsam dolor explicabo. Architecto tempora placeat voluptate eius explicabo rerum voluptatem iure.',1,1,'2009-01-19 16:20:25','2021-09-13 21:55:14'),(22,20,51,'Quod eligendi qui perspiciatis quo. Veniam deserunt qui et perspiciatis doloremque itaque. Dolorum eum culpa aut voluptatem amet.',0,0,'2020-07-15 02:10:10','2021-09-13 21:55:14'),(23,56,93,'Quo architecto placeat velit et sapiente ut. Voluptatum deserunt officiis numquam ratione soluta iusto. Doloribus omnis non et ipsa quod id. Doloremque deleniti veniam magnam asperiores cumque ducimus quod odit.',0,0,'1977-02-17 02:21:59','1990-12-17 06:03:07'),(24,38,32,'Corrupti corrupti nostrum veniam rerum tempora non. Quidem incidunt at labore tempora. Quia earum aut labore pariatur quia tempore.',0,1,'1997-05-20 17:18:07','1999-09-27 07:27:59'),(25,36,65,'Totam eligendi aperiam vel commodi dicta. Quo molestiae velit quis dolorum. Consequatur deserunt eligendi harum aliquid veniam voluptatem. Aut omnis quo autem explicabo. Ut fuga saepe sunt voluptatem quis.',1,0,'1970-01-20 06:53:00','2017-01-27 04:56:31'),(26,33,43,'Eum unde aut sapiente quo vel quo enim. Cupiditate animi tempora placeat ut voluptatem placeat repellendus. Aperiam voluptatem quis ut velit.',0,1,'1986-07-14 09:58:45','2021-09-13 21:55:14'),(27,30,90,'Ipsum architecto sit nihil fugit sequi aut. Necessitatibus error quod totam culpa. Nobis culpa quod delectus distinctio. Ea est est maiores sunt.',1,1,'1990-11-28 09:25:19','2021-09-13 21:55:14'),(28,65,51,'Eligendi eum qui soluta. Nesciunt ab sequi quia mollitia perspiciatis assumenda odit. Rerum fugit laborum atque minus. Placeat alias ipsa fugit iure voluptas repellat voluptatibus.',1,0,'2014-08-31 09:44:35','2021-09-13 21:55:14'),(29,63,53,'In doloribus est cumque asperiores aperiam fuga. Eum ea natus libero saepe quae dolores. Voluptatem eligendi modi perferendis et expedita. Eius aut qui culpa incidunt maxime eum.',0,0,'2019-05-24 02:40:55','2021-09-13 21:55:14'),(30,82,34,'Expedita reiciendis tempora cumque minus aut. Dolores voluptate molestiae ut aperiam ut aperiam doloremque. Totam minus labore amet mollitia.',1,0,'1970-02-24 00:33:28','1974-02-01 15:48:20'),(31,90,78,'Vero blanditiis est ipsum maiores nam similique sit. Aut aliquam est et soluta magni. Adipisci tempore aut quis culpa.',1,0,'1986-12-20 19:39:23','2021-09-13 21:55:14'),(32,94,58,'Rerum earum voluptatem voluptas repellendus nihil. Iusto non qui amet ipsum aliquid inventore. Eum dolore ut ratione est id tenetur inventore. Quam dolorum dicta molestiae praesentium magni id.',0,0,'1971-12-09 07:35:16','2016-06-14 02:18:51'),(33,38,46,'Reprehenderit totam error nobis delectus. Quas harum nulla architecto quasi sed. Quasi alias optio iusto qui.',1,0,'2018-03-06 05:43:54','2021-09-13 21:55:14'),(34,28,54,'Temporibus doloribus et harum quo aliquam temporibus. Adipisci dolorum commodi expedita quaerat a et itaque. Ea minus praesentium necessitatibus. Provident fuga ut qui vel sapiente.',1,1,'1984-09-30 01:22:32','2002-05-09 07:24:33'),(35,86,75,'Dolor voluptas quaerat ut ut sit libero. Dolor et dolore iste fugiat. Amet provident excepturi aut dolorem quam sit nemo. Quisquam tempore eos fugit voluptas.',1,1,'1999-09-15 12:37:52','2021-09-13 21:55:14'),(36,14,88,'Consequuntur qui est magnam eos laboriosam. Nisi vero culpa et ut deserunt sint. Expedita dolores minus modi earum recusandae facilis numquam maiores.',1,1,'2009-12-18 03:14:54','2021-09-13 21:55:14'),(37,52,23,'Repellendus omnis et aut soluta. Itaque quia sed non. Veniam excepturi blanditiis dolorem est facere. Minus natus excepturi fugit neque.',0,1,'2014-06-18 18:13:11','2021-09-13 21:55:14'),(38,18,28,'Possimus asperiores unde et impedit quis ipsam sit. Autem est cum adipisci rerum praesentium consequatur. Ut sit corporis dolorum eligendi earum. Debitis necessitatibus et aliquid impedit eum.',1,0,'1998-08-30 00:10:35','2021-09-13 21:55:14'),(39,99,58,'Placeat dolorum facilis et quis voluptatem a non. Debitis asperiores aut odit nam est ex sed. Excepturi sunt minus dolorem eos temporibus accusantium alias natus.',1,1,'1977-02-23 17:11:05','1985-06-10 19:26:39'),(40,74,44,'Sit animi quae expedita neque dolorum eligendi. Provident consequatur blanditiis eum beatae.',1,0,'1974-07-18 15:09:09','1984-09-03 17:58:09'),(41,38,68,'Officia quos id eum sequi et mollitia quos. Ut sunt magni sed minus voluptas rerum voluptas. Nihil ullam explicabo et. Qui temporibus officia nobis pariatur culpa.',0,0,'1973-08-06 04:17:05','2010-12-13 02:39:40'),(42,14,69,'Officiis eum placeat sint mollitia quo cupiditate aut. Fugit facilis dolorem harum debitis. Dolor porro minima qui dolor nihil voluptatem sit.',0,0,'1996-08-26 11:24:46','2021-09-13 21:55:14'),(43,54,55,'Possimus tempora quis sunt earum corporis neque. Dolor repudiandae quam cumque ipsum. Quia sint quo distinctio quaerat omnis sint qui. Porro ut molestias voluptatum fugiat.',1,0,'1983-07-01 19:48:25','2008-04-26 00:30:12'),(44,16,38,'Repellat dolores autem et omnis sed officiis. Ut nemo occaecati et ipsam error sequi sequi. Fuga a voluptatem reiciendis. Doloribus quod explicabo illum rerum.',1,0,'1984-02-14 17:21:01','2012-06-10 20:17:54'),(45,82,47,'A culpa perferendis officia et. Hic reprehenderit aliquid ut fugiat consequatur omnis placeat ullam. Voluptas quam ut ipsam alias pariatur occaecati. Qui cupiditate dolor dolores tempore. Eos rem quia accusamus incidunt repellendus voluptas autem repudiandae.',1,1,'1976-03-11 03:49:22','2018-08-06 12:25:45'),(46,50,67,'Nostrum voluptatem at nesciunt pariatur. Aut eum totam eum possimus. Occaecati quis velit quasi saepe ducimus. Consequuntur temporibus in beatae mollitia qui voluptatem.',0,0,'1970-04-15 12:51:22','1984-09-07 22:20:37'),(47,65,49,'Voluptas ut quis eveniet aut rerum accusantium consequatur voluptas. Temporibus error sint explicabo quod aliquid. Enim saepe eligendi vero debitis ad.',0,1,'1974-02-20 10:51:23','1984-06-11 05:10:05'),(48,82,9,'Molestiae exercitationem iste non. Est ipsum ad quibusdam ipsam. Qui praesentium ipsa assumenda vel ut tempora rerum. Doloribus ut maiores iure eveniet et ratione.',0,1,'2005-07-10 01:29:11','2021-09-13 21:55:14'),(49,57,57,'Aut dolor quas iure culpa. Nihil vero velit corporis recusandae beatae occaecati ea. Libero illo voluptas voluptatem voluptatem et veritatis. Et soluta quia cupiditate quod asperiores amet.',0,1,'1986-06-07 02:36:48','2003-12-03 12:57:27'),(50,35,54,'Quibusdam eveniet cum earum dignissimos. Quo recusandae dolor et error architecto sint eius. Inventore et rem dolor error error alias et.',1,1,'1999-04-19 16:47:28','2005-06-10 06:29:01'),(51,28,64,'Dolore et repellat fuga non aliquid non. In enim ipsa quas non ut tempora. Voluptatem ut iusto consequuntur dicta eos dolorem.',1,0,'1970-05-28 01:38:14','1979-03-14 08:01:05'),(52,48,67,'Optio sit officia impedit. Nesciunt numquam sit at natus ea nemo. Consequatur laboriosam et maiores id. Aut neque quis expedita vel facilis distinctio aliquid.',1,1,'2012-08-20 11:54:01','2013-12-09 15:56:02'),(53,3,22,'Aut omnis id sit laborum quo doloremque. Et ullam quisquam impedit deserunt culpa vitae. Recusandae quis at occaecati quos quam.',0,0,'1989-08-28 19:26:43','2009-11-15 21:35:16'),(54,5,16,'Quam in nobis sed ratione voluptatum. Dolore amet mollitia quo iure debitis ullam voluptatum. Quos sunt aut sed sit rerum beatae officia.',1,1,'1971-10-18 23:54:10','1984-08-03 15:58:06'),(55,88,43,'Et id veritatis voluptatem earum quos sapiente impedit minus. Eos eveniet quibusdam animi sed. Quae ea illo voluptate aut deleniti.',0,0,'2009-02-02 09:27:10','2021-09-13 21:55:14'),(56,20,96,'Aliquid exercitationem nihil delectus facilis voluptatibus iste. Dolorem adipisci ducimus omnis nihil molestiae hic. Occaecati cum reiciendis hic assumenda sint blanditiis.',0,0,'2001-10-30 16:34:47','2021-09-13 21:55:14'),(57,60,51,'Tempora excepturi ad cum voluptas voluptatibus. Consectetur aut consectetur non et. Hic vel eum quisquam dolorem. Minus fuga aliquam eum perferendis nobis id accusamus.',1,1,'1972-04-11 03:40:00','1982-01-12 16:24:44'),(58,40,65,'Eveniet aperiam et ipsa eaque alias debitis sint. Fugiat perspiciatis et impedit perferendis.',1,1,'2005-11-29 00:23:36','2021-09-13 21:55:14'),(59,6,74,'Molestiae ut et amet tempore pariatur vel sit dicta. Voluptatem doloribus et voluptatem et. Ut in ut et. Ut modi consequatur eligendi eaque.',1,1,'1974-11-23 17:14:06','2009-02-05 04:11:46'),(60,38,23,'Facere magnam et velit reprehenderit rerum. Eos sit deserunt corrupti unde debitis nihil. Cupiditate dolorum quam molestias placeat.',1,0,'1997-11-13 10:36:32','2003-03-13 11:30:32'),(61,61,98,'Quas illum dicta omnis. Aspernatur magnam ut a omnis qui. Ut deleniti enim dicta omnis nostrum soluta.',0,0,'2009-03-09 13:31:30','2021-09-13 21:55:14'),(62,59,100,'Necessitatibus qui exercitationem dolores qui deserunt fugiat unde. Quam quis neque iste placeat eos beatae optio adipisci. Minima natus quis similique consequatur minima a aliquam itaque.',0,0,'2003-01-11 13:10:01','2021-09-13 21:55:14'),(63,25,92,'Animi nesciunt molestiae sit dicta veniam facilis. Distinctio est et reiciendis consequatur. Autem rerum praesentium maxime.',0,1,'1989-08-21 10:43:49','2021-09-13 21:55:14'),(64,49,25,'Vero qui quaerat ullam harum. In dolores explicabo optio dolores nemo eveniet dolores. Repellendus id eveniet est ut.',0,0,'1981-06-07 01:10:56','1981-06-16 22:49:50'),(65,16,6,'Et dignissimos dolorum animi tempore officia impedit asperiores. Fugiat tempore natus libero earum. Et minima exercitationem qui optio temporibus ut.',1,1,'2012-06-13 22:55:09','2021-09-13 21:55:14'),(66,13,100,'Est commodi iusto eos nulla consequatur vel eaque. Inventore praesentium voluptas enim repudiandae nostrum dolores. Quasi omnis aut sunt et facere. Cumque vero qui eos ducimus veniam.',1,0,'1982-01-20 23:01:38','2004-02-23 17:23:29'),(67,4,62,'Voluptas voluptatem soluta aspernatur est enim. Voluptatem non velit harum voluptatem et. Deleniti odit voluptates consectetur necessitatibus eos quod ipsam. Sit ut aut esse.',0,0,'1992-01-07 03:51:06','2001-02-02 20:43:45'),(68,70,8,'Non voluptas non eveniet eos assumenda quas aliquam. Dignissimos beatae ut inventore quas sint maiores et. Voluptatem ut vitae qui illum. Sit nostrum velit modi in non ullam sed. Ea quas voluptatum quos ullam qui.',0,0,'1988-05-09 21:06:09','2004-11-13 17:06:33'),(69,11,27,'Voluptatem voluptas distinctio mollitia rerum eos possimus. Voluptatem illo et voluptas enim natus eos.',1,1,'2005-04-12 14:59:39','2021-09-13 21:55:14'),(70,41,16,'Reiciendis excepturi a officiis illum doloremque laudantium. Recusandae aliquam aut debitis aut ut ea. Quam voluptates alias voluptas repellendus. Ut commodi veniam voluptate provident quis in.',1,1,'2008-09-01 19:10:39','2021-09-13 21:55:14'),(71,85,25,'Beatae sint recusandae aut quidem beatae explicabo repellendus. Veritatis facere veritatis qui tenetur. Quo laudantium occaecati animi rerum aut.',1,1,'1977-11-06 09:14:33','2018-03-26 17:29:25'),(72,92,89,'Sed quia vitae id ab optio. Consequuntur sed voluptas culpa. Voluptatem laborum aut labore accusamus debitis. Est aperiam eum dolorem et non.',0,1,'1993-06-25 20:11:53','2021-09-13 21:55:14'),(73,40,88,'Quidem qui distinctio et molestiae dolore. Libero deserunt et modi dignissimos debitis. Ab dolor velit cum deleniti. Sequi nobis ad in error.',1,0,'2004-02-12 01:00:00','2021-01-13 12:50:09'),(74,8,98,'Deserunt ea repellendus repellat deleniti. Eius qui officia eveniet quas ab amet enim. Perferendis fugit id sint.',0,1,'1988-03-18 02:42:31','2021-09-13 21:55:14'),(75,5,40,'Et eum voluptatem occaecati omnis rerum aliquam non. Eius nulla ea voluptatem laboriosam. Fugit sit officia quae dolores.',0,1,'1997-07-23 18:40:09','2021-09-13 21:55:14'),(76,65,82,'Quam voluptatum minus cumque perspiciatis harum rerum consectetur. Iure consequuntur nam est nam vero illo. Autem aliquid incidunt recusandae necessitatibus quos aliquam in.',1,1,'2021-08-07 19:24:10','2021-09-13 21:55:14'),(77,98,49,'Eum perspiciatis est vel nulla. Ducimus numquam labore aut dolor expedita aliquid quis pariatur. Autem numquam provident voluptatem. Beatae natus qui et.',0,1,'2013-04-30 00:57:15','2021-09-13 21:55:14'),(78,86,99,'Autem aliquam laborum dolorem omnis beatae voluptate. Ut harum laborum sequi quo similique ipsum. Enim quae rerum distinctio quos. Sit facere quidem quisquam saepe voluptatem.',0,0,'2012-11-07 08:46:44','2021-09-13 21:55:14'),(79,95,32,'Est commodi nisi libero quas nihil architecto. Cum expedita vel alias necessitatibus dolorum dolorem vel cum. Aut iusto tempore quod necessitatibus explicabo aut id. Tenetur inventore totam consequuntur et error quis a.',0,1,'2014-09-05 06:55:32','2021-09-13 21:55:14'),(80,8,64,'Quam aspernatur aut delectus. Omnis repudiandae vel rerum omnis. Pariatur pariatur velit alias et. Rerum omnis vero accusamus facilis necessitatibus.',0,1,'1997-07-09 13:37:02','1999-08-18 05:46:57'),(81,68,74,'Unde nobis sequi fugiat natus. Nihil nulla velit et. Sit quasi vel aut libero temporibus adipisci aliquid. Maiores ut omnis rerum quia iusto enim ut tenetur.',1,0,'2008-02-11 19:21:34','2021-09-13 21:55:14'),(82,29,39,'Aut autem quisquam cum ipsa ut. Explicabo et sint sit occaecati cumque. Sed voluptatem dolore pariatur alias non dignissimos rerum nobis. Ipsam quia quo similique in cumque veritatis et.',1,0,'1988-08-28 05:31:27','2021-09-13 21:55:14'),(83,28,21,'Officiis ex fuga eum veritatis nostrum. Dicta dolores id laboriosam vero delectus. Ut facilis odit ipsum sit delectus numquam provident id. Modi sunt fugiat harum porro.',0,0,'1987-03-30 23:43:21','2017-09-02 13:03:43'),(84,88,26,'Distinctio quaerat sint temporibus ad tempore est eius. Et illum non ab in quod amet. Eveniet explicabo architecto et. Facere eveniet laudantium et aut.',1,0,'1980-11-20 20:08:33','2021-09-13 21:55:14'),(85,65,12,'Rerum doloribus officia error in quasi quas sint. Amet laboriosam quas neque consequuntur. Est atque rerum aspernatur perspiciatis est dolor. Aut quibusdam atque quia magni nam aliquid.',0,1,'1973-04-04 17:14:51','1981-04-29 11:58:15'),(86,39,48,'Expedita eius voluptatem velit nisi. Et non commodi assumenda corporis maxime quod eveniet.',0,1,'1989-10-04 03:45:04','2010-02-09 15:28:38'),(87,18,99,'Dolorum laboriosam suscipit dolorem commodi consequatur ea assumenda ullam. Quasi quia suscipit aut quia suscipit sit. Consequatur in ut illum.',0,1,'2009-02-13 11:45:48','2021-09-13 21:55:14'),(88,21,32,'Sed et earum rerum dolore beatae et et. Ut maiores nisi illum adipisci ex. Sint dignissimos numquam repellendus ad ab necessitatibus.',0,1,'2020-12-16 12:33:51','2021-09-13 21:55:14'),(89,5,89,'Voluptate in nam ea recusandae voluptatibus perspiciatis nisi ut. Ipsa aliquid dolorem aut. Illo dolorum quia perspiciatis perferendis.',0,1,'1990-03-26 07:09:50','2005-11-13 13:28:06'),(90,56,96,'Aut illo quo minus ut. Totam earum nihil non. Occaecati sed ducimus dolor sequi et et. Et aut eveniet est.',1,1,'1976-10-29 12:39:14','2021-09-13 21:55:14'),(91,37,97,'Cum similique earum qui vitae rerum aut. Itaque animi dolorum doloribus aperiam. Architecto rem optio quia libero reiciendis cumque.',0,1,'1976-03-14 09:35:32','1999-03-15 10:10:56'),(92,5,29,'Nulla et nam cum vitae. Ab nam sunt corrupti eos eos. Sapiente et distinctio molestias consectetur mollitia. Esse qui impedit pariatur.',0,1,'2017-06-05 04:53:41','2021-09-13 21:55:14'),(93,37,20,'Repellendus aut maxime aut non libero repudiandae fugiat nihil. Est eum ut repellat ullam rerum. Dolore nam repellat quidem nihil. Voluptatum voluptatem sit aliquid dolor nihil ut voluptatem.',0,0,'1978-08-28 19:17:38','2019-10-17 01:02:09'),(94,68,6,'Et eveniet qui ut cupiditate voluptatem. Ducimus deleniti deleniti aut. Quisquam aut sapiente distinctio consequatur.',0,0,'2008-05-02 13:42:47','2021-09-13 21:55:14'),(95,67,76,'Repellendus aut consequuntur velit libero voluptatem asperiores excepturi. Molestiae ipsa ut facilis odit beatae. Blanditiis molestiae eligendi nulla alias eligendi culpa. Natus commodi consequatur aperiam aut illum ipsa sint.',0,1,'1982-11-05 15:14:41','1995-05-16 05:23:46'),(96,33,60,'Et aut ut et excepturi quibusdam. Soluta ad aliquid sint cupiditate. Sunt eum et quia. Cum perspiciatis omnis voluptate in et voluptas in.',0,0,'2010-11-28 04:57:32','2021-09-13 21:55:14'),(97,94,100,'Dolor dolor rerum quo pariatur quia. Architecto inventore nisi nisi perferendis. Neque saepe nihil aut.',0,1,'1993-01-19 19:24:03','2021-03-18 03:16:18'),(98,38,41,'Et iure mollitia minus dolores magnam vitae. Corrupti odit quos molestiae perspiciatis praesentium laudantium. Perferendis sunt ut qui aliquam nam. Sed rem pariatur ea temporibus accusantium velit. Dolores unde omnis quisquam quaerat aliquid temporibus.',0,0,'1971-07-12 13:08:25','1999-12-26 10:13:48'),(99,53,76,'Tempore voluptas voluptatem omnis fuga alias labore aut. Quibusdam voluptas eaque omnis et. Error in nihil magnam et dicta sint.',0,0,'1996-11-22 21:07:11','2021-09-13 21:55:14'),(100,96,44,'Incidunt labore magnam temporibus dolorem voluptas error libero. In assumenda facilis et. Sint quo quasi eum aut occaecati. Cumque ut nemo nostrum voluptatem ratione.',0,0,'1981-01-07 15:21:31','1993-09-09 02:20:13');
/*!40000 ALTER TABLE `messages` ENABLE KEYS */;
UNLOCK TABLES;

--
-- Table structure for table `posts`
--

DROP TABLE IF EXISTS `posts`;
/*!40101 SET @saved_cs_client     = @@character_set_client */;
/*!50503 SET character_set_client = utf8mb4 */;
CREATE TABLE `posts` (
  `post_id` int unsigned NOT NULL AUTO_INCREMENT,
  `user_id` int unsigned NOT NULL,
  `community_id` int unsigned DEFAULT NULL,
  `head` varchar(255) CHARACTER SET utf8mb4 COLLATE utf8mb4_unicode_ci DEFAULT NULL,
  `body` text CHARACTER SET utf8mb4 COLLATE utf8mb4_unicode_ci NOT NULL,
  `media_id` int unsigned DEFAULT NULL,
  `created_at` datetime DEFAULT CURRENT_TIMESTAMP,
  `updated_at` datetime DEFAULT CURRENT_TIMESTAMP ON UPDATE CURRENT_TIMESTAMP,
  PRIMARY KEY (`post_id`)
) ENGINE=InnoDB AUTO_INCREMENT=101 DEFAULT CHARSET=utf8mb4 COLLATE=utf8mb4_unicode_ci;
/*!40101 SET character_set_client = @saved_cs_client */;

--
-- Dumping data for table `posts`
--

LOCK TABLES `posts` WRITE;
/*!40000 ALTER TABLE `posts` DISABLE KEYS */;
INSERT INTO `posts` VALUES (1,93,13,'Odio laboriosam et nesciunt qui sunt libero.','Eveniet hic labore nostrum aut sit libero repudiandae. Maiores aut aperiam fuga maiores at. Ipsa reprehenderit laudantium ut quia et vel nihil.',79,'1999-05-14 03:37:28','2009-06-17 14:04:27'),(2,4,65,'Voluptatem illum sint quisquam est cupiditate inventore laboriosam voluptas.','Corrupti autem placeat hic expedita. Tempore possimus voluptas et. Ratione vitae ipsa ut aut. Tenetur porro minus aspernatur beatae dolores.',95,'1985-08-21 16:34:48','2006-09-16 17:57:34'),(3,77,6,'Rerum repellat voluptatem officia quos.','Perferendis harum rerum laborum ipsa itaque reiciendis aspernatur. Explicabo molestiae voluptatem nam doloribus. Numquam porro quo aperiam aut ab quos facilis. Itaque tenetur atque itaque qui animi odio quae.',38,'1998-10-27 21:07:03','2005-11-22 22:12:00'),(4,68,99,'Commodi excepturi reiciendis delectus et quia eveniet necessitatibus.','Quaerat ratione magnam eos voluptate sequi sit est. Temporibus voluptas est nihil et facilis corrupti quia. Modi omnis deleniti et error eveniet placeat non. Adipisci et ut magni in.',37,'2011-01-24 23:01:12','2021-09-13 21:52:23'),(5,91,55,'Modi corporis repellat doloribus cupiditate.','Maxime omnis qui et et sed. Eos perferendis et libero et officia accusantium aspernatur. Ipsam eaque maxime ut delectus architecto. Est debitis necessitatibus repellendus enim.',47,'2021-01-07 00:00:25','2021-09-13 21:52:23'),(6,2,20,'Autem voluptatem et eos recusandae consequuntur.','Aut quae est porro nobis. Fuga non qui cum cum labore maiores ut. Facilis excepturi eveniet officia blanditiis rem repellendus asperiores. Cum quo voluptatibus dolore porro.',51,'1984-05-18 08:17:36','2008-08-21 04:53:15'),(7,68,23,'Ut officiis necessitatibus id est et rerum incidunt.','Consequatur aperiam explicabo et accusamus aliquam. Illo quod iusto maiores fugiat. Reiciendis aut recusandae eius molestiae explicabo. Aut magnam nam facere consequuntur ipsum et.',32,'2015-07-18 05:59:34','2021-09-13 21:52:23'),(8,84,41,'Rerum et quam amet consectetur rem magnam ipsam.','Fugiat sint nisi et recusandae quis nostrum rem. Et nesciunt voluptatem dolor sit. Debitis commodi id et illo ex qui id rerum.',73,'1999-12-26 22:01:52','2021-09-13 21:52:23'),(9,83,94,'Est quam a delectus.','Dolor tempore et eum. Dolores error at ipsa. Eius in et quae sapiente non. Consequatur soluta incidunt molestiae ratione voluptas quas.',1,'2005-03-10 09:24:32','2021-09-13 21:52:23'),(10,73,31,'Dolor officia ut aut fuga consectetur earum provident.','Maiores quod quo eveniet. Fugiat tenetur est accusantium laudantium odit et. Laudantium sunt et dolores voluptas vel.',35,'1973-03-08 18:29:11','1995-03-25 20:05:04'),(11,77,29,'Nobis rem voluptatem non ipsum.','Ducimus qui impedit ut autem qui. Quia voluptatibus nihil distinctio quidem laborum ipsam. Exercitationem dolore suscipit et atque iste corporis dolorem.',86,'2011-10-21 06:19:15','2019-04-03 22:59:23'),(12,31,30,'Qui hic ut cum id qui non consequatur.','Aliquid inventore eveniet eveniet ullam voluptas. Hic et minus aliquam. Architecto aut distinctio fugit quo ab.',80,'2012-07-05 19:00:56','2021-09-13 21:52:23'),(13,45,5,'Omnis recusandae libero qui praesentium rerum quia quos.','Dicta ex ratione beatae odio nesciunt. Occaecati excepturi est voluptatem veniam saepe ut fugit. Animi necessitatibus dolore eveniet quas qui omnis sed.',98,'1996-03-02 17:57:25','2014-11-06 20:27:55'),(14,56,81,'Sed deserunt dolores rerum quibusdam.','Officiis nihil ipsa ut officia error dolores. Aliquam dolores eligendi tempore ullam unde est ipsam. Perferendis dolor sint tempora modi veritatis qui.',10,'1974-06-30 02:38:48','2021-09-13 21:52:23'),(15,97,83,'Unde non esse non maxime fugiat dignissimos non neque.','Corporis quis at eveniet animi autem vel in consequuntur. Est occaecati accusantium et sit voluptate beatae. Et et et numquam a earum. Doloribus ut sed incidunt et quas ut nostrum.',23,'1999-03-08 19:20:07','2021-09-13 21:52:23'),(16,42,28,'Magni est voluptatem enim hic.','Quas vel sint voluptas iusto quia dolore. Ratione dolores consequuntur explicabo eos sed. Quos et provident dignissimos.',100,'2009-09-27 08:43:31','2021-09-13 21:52:23'),(17,99,16,'Enim quia iure in sit ad doloribus.','Eum et et commodi est delectus. Facilis repellat in ut magnam. Minima nesciunt quia placeat nihil. Aperiam eos sed deleniti iure eos perspiciatis.',72,'1988-07-19 20:49:00','2021-09-13 21:52:23'),(18,88,59,'Est voluptate adipisci voluptatem quis maiores dolores qui.','Aut accusantium alias sit voluptatem. Et enim atque sed occaecati. Illum molestiae error amet accusantium porro odio. Saepe nisi dolorum sit ea qui commodi tempora ut.',33,'2021-02-13 23:49:45','2021-09-13 21:52:23'),(19,63,95,'Sequi exercitationem totam vero id.','Tempore rerum voluptatum perferendis adipisci corrupti nihil laboriosam at. Debitis architecto non placeat rem molestiae id iusto provident. Impedit rerum numquam est animi reiciendis.',11,'2005-02-08 23:04:41','2018-02-07 01:36:22'),(20,76,21,'Eum velit iste animi inventore rem amet quis.','Asperiores molestiae quod modi quia dolor sint. Numquam numquam ut vitae aut ex. Aut quis voluptates eum.',22,'2002-10-20 08:09:31','2018-02-10 12:28:26'),(21,89,41,'Aut qui esse pariatur eos similique.','Eum tempora eos molestiae perferendis dicta vel. Enim culpa eaque aliquam velit autem. Minima qui animi ratione dolor delectus debitis doloremque explicabo.',52,'1981-07-17 07:51:13','1996-12-11 06:49:55'),(22,99,11,'Qui sapiente sint quo facere.','Aut quia incidunt omnis quaerat ipsam. Laboriosam sapiente animi et unde dolore temporibus et. Voluptas blanditiis quidem quod.',66,'1988-03-21 15:53:53','2015-06-22 10:38:06'),(23,86,37,'Et non optio neque neque corporis harum aliquid.','Aut sint veniam dolores magnam perspiciatis qui. Praesentium reprehenderit cumque perspiciatis. Facilis odit cumque eaque non odio suscipit.',32,'2010-04-12 15:16:59','2016-07-05 06:23:34'),(24,50,56,'Earum molestiae esse ad rerum laboriosam.','Non assumenda magnam et nihil sit vitae. Ad ab ex cum ut. Aut iusto numquam veritatis ex.',9,'1980-02-08 01:15:52','2019-06-14 21:21:17'),(25,98,86,'Ut dolore nesciunt qui rem sunt dolore repellendus in.','Omnis dolorem veritatis pariatur. Fuga dolores possimus tenetur sed. Natus rem facilis temporibus illum hic repellat laborum ut.',46,'2005-04-07 22:01:47','2021-09-13 21:52:23'),(26,62,97,'Iusto eos et quas rem eius unde dolorem.','Dolor adipisci sequi eum fugiat quia. Eveniet laboriosam sapiente optio ullam. Assumenda voluptate rerum est quas ut quaerat recusandae qui. Aut et vitae sed autem optio.',16,'2016-02-08 19:41:36','2021-09-13 21:52:23'),(27,26,79,'Molestiae et adipisci quos necessitatibus atque.','Vel dolores provident nihil qui non quia. Pariatur molestiae magni dolore dicta aut est. Itaque doloremque id dolores qui natus rerum non blanditiis. In consequuntur consequatur quis illum.',50,'2008-05-03 18:18:41','2021-09-13 21:52:23'),(28,12,92,'Hic dolores ratione voluptatibus omnis.','Beatae aliquam dolores eos voluptatem quidem nostrum. Ut quasi est expedita quia vero. Voluptas recusandae non minus eum maxime sint.',64,'2004-03-28 19:53:35','2021-09-13 21:52:23'),(29,61,26,'Vitae ut sapiente est.','Optio ut atque suscipit reiciendis eum quas non. Qui rerum sed inventore iste. Consequatur placeat debitis magni iure dolore perferendis provident. Iste repellendus quasi voluptate beatae repudiandae.',32,'2008-05-08 10:56:38','2012-02-21 20:23:21'),(30,17,24,'Adipisci quasi ut accusamus error aut quidem omnis.','Ducimus quod architecto dolorum iure adipisci culpa vitae. Sed aut sit aperiam et. Aliquam consequatur omnis iusto aut est voluptates at.',7,'2020-09-27 10:53:07','2021-09-13 21:52:23'),(31,77,33,'Sapiente velit a tenetur architecto aut accusantium iusto quam.','Cumque quas laborum nemo deserunt enim excepturi. Omnis similique voluptatem eos soluta. Consectetur sed quia deserunt et dolores et id. Magni sunt et dolor ab aut mollitia omnis.',56,'2016-09-06 19:31:39','2021-09-13 21:52:23'),(32,94,36,'Qui est sit sint odio quisquam harum eaque.','Corporis quam ducimus aut expedita expedita inventore quos. Iure consequuntur voluptatem eum iusto ea. Temporibus est nisi non fugit eaque aut sequi dolorum.',7,'2004-03-14 08:21:50','2021-09-13 21:52:23'),(33,64,93,'Consequatur placeat distinctio officia iusto maxime nisi ut.','Mollitia ut veniam vitae iste. Eos autem amet accusamus quis. Illo dicta qui provident dicta. Dolores sapiente et laboriosam quam sapiente sed.',100,'2009-09-07 00:26:41','2021-09-13 21:52:23'),(34,69,87,'Repellat tenetur molestiae repellendus aut vel aspernatur voluptatum.','Aliquid distinctio sunt et autem nesciunt qui. Velit odit officia iste. Reprehenderit quasi doloribus inventore.',63,'2021-04-20 17:37:49','2021-09-13 21:52:23'),(35,62,62,'Rerum maiores voluptates quo voluptatum et.','Fuga dignissimos fugiat aperiam nobis reiciendis. Enim ipsam saepe totam. Sit sapiente dolor in inventore. Distinctio est consequatur enim cumque perspiciatis beatae dolores.',39,'1998-11-29 13:30:35','2008-03-10 18:39:59'),(36,27,38,'Explicabo aut consequuntur quis vero ut.','Rerum corrupti laborum fugiat quasi ea. Quae aut numquam et qui veritatis alias magnam.',100,'1975-12-29 22:05:19','2013-12-29 00:54:49'),(37,73,52,'Eligendi eum laboriosam est.','Est voluptatem mollitia fugiat est ut libero dicta. Assumenda neque enim molestias. Autem dolorem nostrum maiores ipsam qui harum sit rerum.',59,'2010-10-18 17:16:52','2021-09-13 21:52:23'),(38,27,22,'Illo mollitia quae deserunt hic doloremque consequatur voluptatum at.','Nostrum exercitationem velit vel fugit. Ut consequuntur dolorem qui libero aliquid sequi velit. Placeat est adipisci excepturi nihil. Fugiat illum tempora aut adipisci.',62,'1971-10-03 11:12:29','2016-02-16 02:16:36'),(39,63,55,'Sunt est beatae possimus aut dolorem labore velit.','Occaecati sunt et cumque placeat quia nobis alias. Ipsam repellat eum fuga et. Minima unde delectus commodi in tenetur.',80,'1983-08-12 16:01:09','2021-09-13 21:52:23'),(40,77,15,'Fugiat fugiat omnis facere incidunt illum voluptatem.','Dolor autem tempore aut ex. Illum fugit qui possimus rerum iusto eligendi est. Tempore suscipit velit beatae minus quia vel velit.',57,'2018-03-20 10:44:49','2021-09-13 21:52:23'),(41,86,27,'Beatae inventore nostrum magnam atque quia doloribus.','Itaque et et odio et minus explicabo. Dolorum sint iste culpa magni dolor id dolore.',42,'1974-07-23 22:04:05','1977-03-11 23:46:03'),(42,21,7,'Iusto labore eos delectus fugiat.','Et sapiente quasi id sed saepe delectus ab. Tempore quo voluptate ipsum velit eum. Rerum sed dolores nihil velit alias ut. Officiis minus sunt facilis quia quod.',100,'1998-04-22 20:02:50','2021-09-13 21:52:23'),(43,32,92,'At dolorum facilis et qui.','Quo minus velit dolorem et est illum quisquam et. Quaerat fuga dolorem deserunt. Ut dignissimos hic reiciendis. Alias et et veniam excepturi. Est ut est illum veniam.',3,'1987-11-10 20:05:12','2000-05-26 22:57:18'),(44,28,67,'Est inventore eveniet explicabo officia omnis.','Nostrum pariatur est voluptatem repellendus cupiditate ab necessitatibus. Eos quam voluptas rerum voluptatibus qui minima. Deserunt perspiciatis aperiam sint ipsa. Sed voluptatem ut odit sed praesentium autem fuga.',18,'1991-06-25 21:16:23','2016-01-19 12:50:25'),(45,52,40,'Similique sequi voluptatem velit laboriosam.','Cum impedit quia est. Ratione et aut aut qui. Doloremque qui ullam illum et delectus culpa id. Atque illum culpa delectus velit.',78,'2000-08-30 08:07:34','2021-09-13 21:52:23'),(46,21,25,'Numquam necessitatibus omnis delectus dolores.','Ut occaecati nihil aut delectus nihil ratione. Est iste sint iusto omnis perferendis porro molestiae. Neque iure laudantium molestias quo eveniet minus.',25,'1975-12-01 23:27:19','1985-06-25 06:45:27'),(47,80,2,'Mollitia aut fugiat voluptate vel nihil nobis rem.','Non minima quo rerum vel veniam sit qui. Quibusdam dolorum dolorem necessitatibus vel. Fugit voluptatem ipsum hic quia.',14,'1993-12-05 04:41:44','1994-11-19 05:37:29'),(48,15,64,'Et nisi quas iusto corporis quas adipisci consequuntur.','Asperiores ut sed natus omnis est autem. Aut itaque at in minima iste quia. Cum omnis ducimus aspernatur quaerat dolorum accusamus. Dolor vitae aut officia commodi. Vero quia accusamus eius fugit amet qui repellat.',1,'1970-08-21 22:27:07','1995-11-05 03:01:35'),(49,72,49,'Assumenda et voluptatibus sit maiores expedita exercitationem.','Iure dolor animi neque autem. Expedita exercitationem asperiores officia quia accusantium sequi animi. Voluptas distinctio sunt omnis.',87,'2001-09-11 03:50:35','2007-02-07 21:01:12'),(50,55,99,'Quos vitae eos veritatis voluptas quis architecto.','Nam minus a non ut pariatur at consequatur. Animi et qui officia facilis veniam. Et nisi et voluptatem. Ex qui dolor laborum et sit. Vero velit ipsum nihil velit suscipit.',85,'2007-03-07 22:13:08','2021-09-13 21:52:23'),(51,8,15,'Qui nesciunt qui earum repellat est ipsa quaerat.','Ea aut cupiditate sunt iusto sint sint. Odio in ullam inventore optio maxime. Accusamus porro voluptatem ut tempora excepturi sed odio aut. Velit eum cumque ut autem sit similique.',60,'1979-08-30 18:34:53','2021-09-13 21:52:23'),(52,32,18,'Exercitationem quaerat delectus quos ipsum doloribus voluptates nostrum.','Possimus perferendis id temporibus. Dolorum nulla rerum est.',80,'2017-10-24 23:08:53','2021-09-13 21:52:23'),(53,7,39,'Ad aut dolorem maiores voluptas sunt rerum fugit.','Sit aut voluptas aut qui omnis nihil. Facilis accusantium sit delectus aliquid quas. Illo culpa veritatis earum. Nisi sed maiores officiis.',98,'2015-10-20 17:29:02','2021-09-13 21:52:23'),(54,43,34,'Et quod repellat ullam.','Ut et in eveniet autem omnis sint totam. Voluptatum mollitia aut blanditiis veniam. Enim earum in in consequuntur.',65,'1984-02-23 18:54:24','2016-04-29 18:51:20'),(55,91,55,'Enim officia fuga dolorem alias eum odio.','Aut voluptas modi unde velit. Vitae aut velit dolores soluta accusamus necessitatibus. A in et culpa inventore esse delectus illum. Ut dolores incidunt consectetur omnis nihil velit expedita. Corrupti corporis qui optio alias accusamus.',2,'2008-09-06 16:54:18','2021-09-13 21:52:23'),(56,32,82,'Omnis distinctio vitae perferendis vel.','Doloremque sunt temporibus et expedita ipsam. Explicabo nobis nesciunt sit velit consequatur rem. Et architecto sit sunt libero aut repellat. Eveniet recusandae qui dolores reiciendis totam est modi.',35,'2000-02-09 10:07:12','2019-11-22 23:46:22'),(57,89,29,'Laboriosam voluptatibus aut numquam numquam voluptates.','Saepe praesentium est accusantium fugit libero officiis magni. Ut dignissimos voluptas vel nobis. Ea rerum doloribus et dicta totam voluptates.',67,'2011-02-06 22:54:33','2021-09-13 21:52:23'),(58,33,16,'Voluptatem optio autem commodi voluptas.','Ducimus eum corporis assumenda reiciendis beatae maiores quo enim. Voluptate voluptatem incidunt dolor quos. Velit dicta voluptatem nostrum praesentium et iste minima. Molestiae quia voluptatem officiis qui rerum.',94,'1999-04-11 22:09:34','2021-09-13 21:52:23'),(59,39,74,'Et consequuntur et eius laboriosam numquam non pariatur.','Rerum dolor ipsam provident quisquam sit nisi voluptatibus. Eum sunt quia doloremque quidem incidunt nulla. Ut quibusdam ab ut. Quis excepturi impedit quisquam eos vel.',24,'2021-02-27 10:45:17','2021-09-13 21:52:23'),(60,66,39,'Reprehenderit reiciendis laborum omnis exercitationem explicabo voluptatem.','Debitis magnam vitae illo inventore ea. Iure et consequatur ut non reprehenderit est corporis. Iste aliquid et repellat ut fugiat dolorem et. Qui voluptatem maxime molestiae reprehenderit.',95,'2004-12-17 20:00:26','2021-09-13 21:52:23'),(61,28,39,'Vitae accusantium officiis quasi eligendi cumque est totam.','Molestiae debitis veritatis ipsam quidem eum necessitatibus est facilis. Ut quia fugiat dolorum. Veniam aut sunt qui quisquam non aut dolor. Autem et ullam qui.',68,'2014-05-10 20:03:24','2021-09-13 21:52:23'),(62,53,87,'Possimus ratione rerum veniam ipsa.','Dolor odio porro eum fugiat. Dignissimos praesentium dolor odit qui eveniet sint.',100,'2003-01-16 04:26:46','2019-05-13 15:18:32'),(63,34,42,'Repellat architecto ut nesciunt nobis sit.','Est laudantium aut quidem. Sunt quae accusamus et necessitatibus non rerum voluptates. Est architecto et laudantium non alias.',35,'1990-05-15 09:38:29','2021-09-13 21:52:23'),(64,38,20,'Rerum est fugiat assumenda tempora est.','Odit consequuntur est sunt cum. Sapiente ipsam necessitatibus laudantium vel. Quo eum quos omnis et. Ut vitae eveniet qui recusandae voluptatem quia.',77,'2008-12-08 04:20:51','2021-09-13 21:52:23'),(65,17,4,'Qui sed earum qui ullam tempore rerum est.','Quas et aliquam et dolore delectus dolore quo. Voluptatum neque et deleniti accusamus deserunt ut corporis culpa. Deserunt accusantium voluptate et sapiente sit qui. Totam corrupti ut ratione molestiae rerum.',15,'1980-04-11 13:49:53','1985-04-04 19:06:07'),(66,2,94,'Repellat sit consectetur ea ut molestias maxime.','Qui est et est sapiente voluptatibus. Atque corporis eos odio asperiores voluptas. Aspernatur soluta eius nulla dolor. Tenetur quis qui numquam corrupti.',12,'1972-01-20 19:43:49','1997-06-18 10:29:26'),(67,49,24,'Eum labore praesentium unde.','Autem nam enim atque non dolorem. Omnis nemo et ut atque omnis eum velit. Et repellat id quis dicta nisi iure voluptatum.',57,'1985-06-27 13:13:39','2003-10-19 09:59:39'),(68,40,54,'Sit saepe rerum beatae soluta aut.','Aut sint eius mollitia eum dolor. Fugit sit magni voluptates et ratione tempore. Esse a corporis sunt.',43,'1988-10-02 05:53:47','2009-11-29 21:23:25'),(69,52,21,'Aperiam est iste neque nulla facere.','Laudantium sint reiciendis quia. Rem sed ab culpa ut est velit dolor commodi.',73,'1979-01-20 04:17:28','1997-09-17 05:06:22'),(70,37,45,'Pariatur exercitationem ad debitis beatae quos alias similique.','Est ducimus nihil et asperiores deleniti rerum ratione. Et facilis nisi quia vel.',94,'2016-10-24 08:10:22','2019-10-20 00:06:01'),(71,2,2,'Omnis velit omnis saepe quod molestias quo cupiditate.','Voluptates nihil qui laborum. Aperiam deleniti dolore illum impedit porro dolores voluptas. In fugiat accusamus est eos deserunt aut. Quia et maiores excepturi.',71,'2020-04-14 04:58:32','2021-09-13 21:52:23'),(72,5,49,'Cum tempore saepe id.','Veniam a in ut voluptate laboriosam atque. Provident dignissimos corrupti voluptatem magni aliquam distinctio. Ut voluptatem eius ea sed itaque porro. Optio laboriosam et rem quia voluptas enim corrupti.',62,'1984-09-29 00:10:50','2007-10-04 19:22:10'),(73,52,83,'Non perspiciatis corporis molestias laboriosam quis.','Magni aut aliquid aliquid id est ea neque soluta. Deserunt ratione qui alias consequuntur praesentium. Dolores autem quod dolores nam sed atque. Numquam voluptas dolor cum debitis voluptate corporis ab.',98,'1981-07-22 11:36:44','2021-09-13 21:52:23'),(74,64,69,'Illum tempora neque aliquam.','Et ut aut quo hic. Est repellendus non harum in ut eveniet. Dolor natus ea incidunt in. Iste vero sint ut rerum laboriosam non dolor.',58,'2018-04-29 00:31:43','2021-09-13 21:52:23'),(75,99,78,'Consequatur dolor soluta ut cupiditate.','Illum eum pariatur corrupti ex qui quasi nemo. Qui delectus harum perferendis magnam dicta et qui repellendus. Dolorem omnis quo unde quia. Nihil molestias dolore debitis quo explicabo ea.',34,'2019-01-26 16:52:56','2021-09-13 21:52:23'),(76,60,93,'Tenetur expedita non incidunt pariatur ea dignissimos doloribus voluptatem.','A vel beatae voluptatem error pariatur accusamus. Excepturi et et perspiciatis. Harum iste doloribus ea rerum omnis. Et vel perspiciatis possimus possimus et. Dolor tempora magnam quis omnis sit sed.',38,'1999-04-04 08:57:28','2010-10-02 13:21:32'),(77,69,68,'Dicta odio quod vero dolore voluptatem laboriosam.','Et alias exercitationem amet accusamus quia est. Sint aut modi modi laboriosam architecto. Recusandae sunt commodi est repudiandae quod voluptatem. Dolor ipsa molestias non perspiciatis.',37,'1975-04-02 03:36:57','1980-03-05 09:47:22'),(78,51,82,'Et qui ut perferendis exercitationem.','Quia dignissimos et omnis eaque dolores. Saepe dolores sit provident molestiae ut aut. Optio ratione nulla ipsum animi tempora sed dolores. Quis commodi sint aperiam maxime et consequatur.',83,'1991-02-24 08:56:07','2021-09-13 21:52:23'),(79,82,47,'Pariatur aut harum minima repudiandae sunt impedit nobis.','Cupiditate mollitia assumenda qui praesentium odio quia quia. Voluptatem quibusdam iure et id temporibus. Fugiat reprehenderit culpa nostrum eos placeat aut.',64,'2005-04-25 07:40:29','2013-05-20 22:25:51'),(80,24,9,'Velit non vero aliquid voluptatem.','Officia quia quidem quas. Qui omnis tempora delectus quis eaque. Commodi rerum voluptatem et doloribus. Alias ex culpa quo quia culpa.',42,'1990-04-21 06:40:53','2017-07-15 08:38:50'),(81,58,6,'Amet dicta placeat assumenda voluptatem sint ut ut et.','Quia est sed nam omnis laudantium dolore corrupti. Dolorum quae aperiam veniam magnam. Nemo esse quasi aut possimus quibusdam. Laboriosam ducimus reiciendis velit dolore repellendus deleniti. Qui deleniti a neque ipsam est.',80,'2008-05-18 23:31:22','2009-03-06 19:37:34'),(82,79,12,'Sunt perferendis non voluptatem commodi facilis ea numquam.','Ut et porro aut modi qui. Quis et et recusandae iste. Laudantium consequatur porro temporibus est.',23,'1991-04-05 07:41:58','1995-03-04 18:52:52'),(83,59,87,'Consequuntur fugiat suscipit rerum ab reprehenderit.','Quo quam quia dolorem. Dignissimos molestias rerum hic. Voluptas unde architecto et quam laboriosam molestias.',8,'1987-02-08 10:02:17','2016-11-30 13:07:59'),(84,16,89,'Placeat ea voluptatibus dolore quibusdam illo aut quod.','Et eius at quis quis dicta maxime ex. Aut incidunt amet doloribus repellat libero. Est ad provident recusandae consequatur corrupti.',43,'1987-10-07 11:40:15','2021-09-13 21:52:23'),(85,15,29,'Officiis vel cupiditate et ut rem.','Vel voluptas est ipsam quia. Ab nulla qui provident voluptate iste consequatur repellendus. Ea et ipsam nihil quibusdam nemo hic. Quos expedita veritatis in quia non aut est.',36,'1984-07-22 07:07:43','2001-11-24 15:46:40'),(86,40,36,'Optio fugit sit non sed non.','Aliquid quos quo quis et id. Facilis inventore assumenda provident maiores possimus. Officia et nesciunt repellat esse ut debitis.',43,'1985-12-07 15:40:51','2002-08-25 01:10:52'),(87,49,33,'Quibusdam vero ut rerum aut cupiditate ullam provident.','Eius nulla sapiente similique quo animi. Nemo atque autem vero impedit. Veniam nam eaque culpa. Fugit iusto nostrum similique.',75,'2016-01-23 09:35:41','2021-09-13 21:52:23'),(88,70,35,'Temporibus aut numquam dolores quasi.','Ea et qui magnam voluptas in nulla. Cumque odit provident rerum ut et nisi. Voluptas ipsam sapiente sint vel nulla adipisci. Ut eaque culpa et non.',2,'1999-02-13 08:49:00','2010-12-08 10:53:29'),(89,9,37,'Et est eaque maiores rerum mollitia minima dolorum.','Ullam eaque molestiae facilis animi natus dolore. Soluta aliquid odio alias. Quis nihil nam quisquam qui.',34,'1992-07-04 08:08:47','2013-03-28 00:29:42'),(90,61,13,'Accusantium voluptatem non voluptatem.','Impedit ea doloremque recusandae mollitia saepe et. Rem reiciendis cupiditate eligendi placeat maxime eligendi non. Blanditiis pariatur aperiam modi officia et. Nobis qui ab in animi nemo.',11,'2000-08-25 04:12:55','2021-09-13 21:52:23'),(91,100,85,'Eum molestiae eligendi ducimus quia libero.','Harum porro aut sit possimus omnis sed nesciunt quo. Provident et nemo dolores non repellendus autem eos. Beatae alias nesciunt incidunt blanditiis ea in pariatur. Tenetur in facilis molestiae qui.',59,'2010-06-26 19:52:16','2014-12-19 04:13:10'),(92,45,15,'Qui culpa autem debitis voluptas dolorem architecto sed.','Est aut explicabo fugiat quae impedit unde. Minima mollitia eos saepe et enim.',78,'2012-06-24 00:58:02','2021-09-13 21:52:23'),(93,20,68,'Consequatur molestias distinctio occaecati magnam quia.','Error velit et modi. Illum aut consequatur beatae distinctio excepturi. Dicta sit et explicabo et praesentium et nemo. Animi aut dolorum officia quia unde est.',80,'1975-01-30 22:33:08','2013-06-26 22:32:43'),(94,37,86,'Dolor provident deleniti itaque exercitationem.','Dolores excepturi asperiores perspiciatis eligendi. Nihil illo aut praesentium rem natus porro possimus. Minus qui quisquam nam quam itaque.',44,'1992-05-14 03:22:23','2005-04-02 07:35:56'),(95,53,4,'Distinctio accusamus reprehenderit optio ut.','Ullam eum minus et nostrum dolorem consequatur porro. Veniam perferendis quas quod blanditiis. Beatae dolorem voluptas enim excepturi autem est. Non recusandae quis illum assumenda nam veniam culpa quidem.',82,'1975-07-11 17:30:50','1978-03-06 13:02:53'),(96,99,98,'Est in et adipisci voluptatem necessitatibus tempora explicabo.','Qui dolorem voluptates sed. Neque molestias delectus amet ea excepturi. Aut et neque perspiciatis voluptate quos non quia. Illum maxime maxime accusamus quos.',4,'2002-11-30 20:49:47','2018-10-01 01:15:07'),(97,51,16,'Facilis repellendus ea aut non.','Ea voluptatibus amet labore qui rerum. Velit nostrum perferendis magni. Neque recusandae beatae possimus sit illo dolore. Ipsum qui explicabo dolorum hic.',28,'1984-01-19 11:31:21','2009-04-11 22:00:19'),(98,39,40,'Vero tempora maiores quam dolorem eum sint doloremque.','Aut tempore commodi placeat sapiente voluptas et minus. Vero accusamus minus aut non. Perspiciatis accusamus dicta sed. Aperiam ut nostrum eaque optio laboriosam dignissimos numquam.',34,'2012-02-21 12:50:42','2021-09-13 21:52:23'),(99,26,63,'Culpa facere voluptatem harum qui.','Nisi eaque inventore soluta quam voluptate corporis voluptas. Dicta alias quo ut ipsa. Enim ut voluptatem voluptas autem repellat molestiae beatae.',44,'1971-10-30 09:59:48','2017-02-05 03:51:19'),(100,49,38,'Odit odio adipisci deserunt perspiciatis magni.','Magnam voluptas doloribus autem porro nesciunt eum veniam. Maiores optio alias aperiam eveniet ab sit ea. Inventore sed similique debitis non. Perspiciatis cum ea exercitationem nostrum impedit quia quos. Qui possimus dolores veritatis aut molestias adipisci deleniti.',51,'2012-08-12 14:14:05','2021-09-13 21:52:23');
/*!40000 ALTER TABLE `posts` ENABLE KEYS */;
UNLOCK TABLES;

--
-- Table structure for table `profiles`
--

DROP TABLE IF EXISTS `profiles`;
/*!40101 SET @saved_cs_client     = @@character_set_client */;
/*!50503 SET character_set_client = utf8mb4 */;
CREATE TABLE `profiles` (
  `user_id` int unsigned NOT NULL,
  `city` varchar(100) CHARACTER SET utf8mb4 COLLATE utf8mb4_unicode_ci DEFAULT NULL,
  `country` varchar(100) CHARACTER SET utf8mb4 COLLATE utf8mb4_unicode_ci DEFAULT NULL,
  `status` enum('Online','Offline','Inactive') CHARACTER SET utf8mb4 COLLATE utf8mb4_unicode_ci NOT NULL,
  `created_at` datetime DEFAULT CURRENT_TIMESTAMP,
  `updated_at` datetime DEFAULT CURRENT_TIMESTAMP,
  PRIMARY KEY (`user_id`),
  CONSTRAINT `profiles_user_id` FOREIGN KEY (`user_id`) REFERENCES `users` (`id`)
) ENGINE=InnoDB DEFAULT CHARSET=utf8mb4 COLLATE=utf8mb4_unicode_ci;
/*!40101 SET character_set_client = @saved_cs_client */;

--
-- Dumping data for table `profiles`
--

LOCK TABLES `profiles` WRITE;
/*!40000 ALTER TABLE `profiles` DISABLE KEYS */;
INSERT INTO `profiles` VALUES (1,'Kaydenton','Ukraine','Inactive','1983-04-02 22:56:43','1985-02-03 16:42:06'),(2,'North Kavonmouth','United Arab Emirates','Offline','1971-06-29 07:12:48','1994-04-10 08:07:55'),(3,'North Mylenefurt','Syrian Arab Republic','Online','1980-12-30 00:17:49','2013-09-15 06:21:25'),(4,'North Leo','Saint Kitts and Nevis','Online','2013-05-17 00:43:39','2021-09-13 21:55:46'),(5,'South Scotmouth','San Marino','Inactive','1998-02-08 02:50:57','2021-09-13 21:55:46'),(6,'Dickinsonfurt','French Polynesia','Offline','2009-07-12 17:55:14','2021-09-13 21:55:46'),(7,'North Jodie','United Kingdom','Offline','1983-01-02 17:48:26','2021-09-13 21:55:46'),(8,'Schuppeville','Solomon Islands','Online','1997-01-21 17:28:57','2021-09-13 21:55:46'),(9,'Hildegardfort','Holy See (Vatican City State)','Inactive','2020-02-25 04:15:28','2021-09-13 21:55:46'),(10,'North Burdette','Liberia','Offline','1981-09-29 14:45:49','2021-09-13 21:55:46'),(11,'Lake Oliverside','Bermuda','Offline','2021-03-11 13:13:46','2021-09-13 21:55:46'),(12,'Port Diana','Cameroon','Inactive','1978-09-07 17:26:45','2021-09-13 21:55:46'),(13,'Destinhaven','Bermuda','Offline','1993-06-02 09:12:09','2020-10-14 05:30:32'),(14,'Shaynaside','Reunion','Offline','2014-10-24 13:44:12','2021-09-13 21:55:46'),(15,'New Maxine','Rwanda','Online','2008-02-08 00:21:06','2021-09-13 21:55:46'),(16,'Port Alanville','Martinique','Online','2004-11-23 21:02:54','2021-09-13 21:55:46'),(17,'West Jaysonfort','Kenya','Inactive','1988-07-27 11:58:03','2014-11-20 22:44:11'),(18,'Bradtketon','Ireland','Inactive','2000-11-14 06:46:28','2008-07-12 00:32:11'),(19,'Lake Stephon','Papua New Guinea','Online','2008-10-21 22:58:44','2021-09-13 21:55:46'),(20,'Port Wandaburgh','Belgium','Offline','2001-08-30 16:52:07','2019-03-16 06:22:16'),(21,'Hudsonport','Cameroon','Online','2014-10-04 04:25:55','2020-10-20 00:07:35'),(22,'Port Kiel','Wallis and Futuna','Inactive','2009-11-03 08:36:46','2021-09-13 21:55:46'),(23,'North Mylesville','United States Minor Outlying Islands','Inactive','1994-05-08 21:57:46','2006-05-07 02:28:24'),(24,'Ignatiusstad','Egypt','Inactive','1994-11-30 21:03:07','2003-02-28 01:41:43'),(25,'New Rosendochester','Maldives','Offline','2002-12-02 01:59:03','2018-06-22 05:30:19'),(26,'Croninstad','Saint Martin','Inactive','2001-04-02 00:20:11','2021-09-13 21:55:46'),(27,'Ruthshire','Isle of Man','Online','1982-08-07 04:19:33','2003-03-02 10:54:29'),(28,'West Everardoview','Maldives','Inactive','1971-01-18 23:11:21','1975-06-19 15:23:55'),(29,'O\'Connellside','Jordan','Offline','1985-04-13 17:56:44','2002-05-28 05:36:41'),(30,'North Lupehaven','Zambia','Offline','2003-06-03 10:27:49','2006-01-13 10:52:42'),(31,'South Randall','Antigua and Barbuda','Inactive','2014-05-04 01:06:49','2021-09-13 21:55:46'),(32,'Mariettamouth','Finland','Offline','1976-11-09 07:45:36','1981-10-01 08:41:42'),(33,'Cummeratamouth','Yemen','Online','2000-07-20 03:03:15','2020-04-13 00:52:58'),(34,'Kuhicmouth','Aruba','Online','1999-10-05 04:13:06','2021-09-13 21:55:46'),(35,'South Tania','Mozambique','Offline','2003-02-25 18:56:07','2021-09-13 21:55:46'),(36,'Ondrickaside','Dominican Republic','Inactive','2014-09-01 09:48:17','2021-08-23 22:23:45'),(37,'Lake Mattie','Guernsey','Online','2018-02-06 22:00:02','2021-09-13 21:55:46'),(38,'Sheldonstad','Burkina Faso','Offline','2020-11-26 21:07:16','2021-09-13 21:55:46'),(39,'Carissabury','Mauritania','Inactive','1971-10-25 12:45:16','2002-03-01 05:18:55'),(40,'Gottliebberg','South Georgia and the South Sandwich Islands','Inactive','2010-01-22 10:39:05','2021-09-13 21:55:46'),(41,'North Leanne','Solomon Islands','Offline','2000-07-01 10:24:25','2021-09-13 21:55:46'),(42,'Simonischester','Senegal','Online','1993-07-11 13:27:09','2010-06-28 03:28:00'),(43,'Lake Hortense','Botswana','Offline','2015-08-23 05:39:49','2021-09-13 21:55:46'),(44,'West Makaylatown','Philippines','Online','1987-02-06 21:18:48','2006-11-23 18:22:18'),(45,'New Uriel','New Zealand','Inactive','1988-01-13 19:49:44','2001-06-28 17:16:28'),(46,'North Jaime','Botswana','Online','2019-11-28 06:43:27','2021-09-13 21:55:46'),(47,'North Eldridgeborough','Togo','Inactive','2007-01-25 23:10:49','2021-09-13 21:55:46'),(48,'Lake Irwinmouth','Pitcairn Islands','Inactive','1986-09-07 02:59:15','2021-09-13 21:55:46'),(49,'Barrowston','Mayotte','Inactive','1976-04-30 00:53:20','1992-06-17 22:34:12'),(50,'Jeremieville','Chad','Inactive','1975-12-17 00:40:50','2010-09-04 00:24:26'),(51,'Lake Gonzaloberg','Thailand','Online','1980-10-09 11:36:46','1983-04-23 13:42:12'),(52,'East Dedrickport','Slovakia (Slovak Republic)','Inactive','1991-04-24 19:44:30','2021-09-13 21:55:46'),(53,'West Alysha','Cyprus','Online','1984-06-23 10:18:57','1985-08-27 13:49:19'),(54,'Isaimouth','Central African Republic','Online','1974-06-20 15:37:16','1996-04-11 15:48:42'),(55,'South Peter','Australia','Online','2003-01-29 04:38:34','2021-09-13 21:55:46'),(56,'Bashirianfurt','Cape Verde','Inactive','2004-12-21 21:43:29','2021-09-13 21:55:46'),(57,'New Jewell','Svalbard & Jan Mayen Islands','Online','1988-12-24 07:37:44','2021-09-13 21:55:46'),(58,'Lake Lafayetteberg','Saint Barthelemy','Inactive','1996-08-16 16:03:19','2021-09-13 21:55:46'),(59,'New Omer','Saudi Arabia','Online','1986-07-27 16:39:29','1987-11-22 12:22:18'),(60,'East Leatha','Mongolia','Online','1973-06-30 15:35:48','2021-07-06 06:36:25'),(61,'Fanniechester','Australia','Online','2010-01-14 15:28:18','2013-03-10 16:35:56'),(62,'West Emanuelview','Turkmenistan','Offline','1995-07-16 07:46:46','2021-09-13 21:55:46'),(63,'Port Horaciomouth','Georgia','Offline','1993-05-08 14:03:29','2021-09-13 21:55:46'),(64,'Dantebury','Ghana','Inactive','1986-09-08 20:56:06','2012-07-18 07:01:54'),(65,'Cathrineton','Namibia','Offline','2019-10-09 08:00:19','2021-09-13 21:55:46'),(66,'Gretaland','Tajikistan','Offline','2016-02-27 14:37:46','2021-09-13 21:55:46'),(67,'New Harold','Liberia','Online','1980-12-11 21:51:01','2016-07-16 08:34:18'),(68,'Goodwinport','Gibraltar','Offline','1975-05-06 06:20:10','2001-07-09 20:03:11'),(69,'New Avis','Iraq','Online','2019-10-09 06:51:45','2021-09-13 21:55:46'),(70,'Moniquebury','Syrian Arab Republic','Online','2019-01-12 04:28:41','2021-09-13 21:55:46'),(71,'New Anastasiaberg','Malaysia','Inactive','2012-12-06 11:30:46','2021-09-13 21:55:46'),(72,'Alethaside','Turkmenistan','Offline','2012-12-16 21:05:22','2021-09-13 21:55:46'),(73,'East Taryn','Bosnia and Herzegovina','Inactive','2014-09-17 04:42:49','2021-09-13 21:55:46'),(74,'New Bonita','Micronesia','Offline','1974-09-30 07:05:39','2008-04-29 04:58:29'),(75,'West Sibylview','Guadeloupe','Inactive','1984-02-18 02:52:55','1993-04-11 21:23:12'),(76,'Port Jesusside','Azerbaijan','Inactive','2014-02-04 07:54:52','2021-09-13 21:55:46'),(77,'Lindgrenberg','Namibia','Online','1983-09-18 22:06:46','1996-10-10 01:27:43'),(78,'West Jarrod','Bahrain','Inactive','1986-11-12 05:14:36','2021-09-13 21:55:46'),(79,'Port Mathewshire','Reunion','Offline','1994-03-16 06:17:54','2021-09-13 21:55:46'),(80,'Felipeborough','Cameroon','Inactive','2011-06-12 18:59:40','2021-09-13 21:55:46'),(81,'Dibbertbury','Netherlands Antilles','Inactive','1984-04-29 21:38:48','2015-07-10 06:46:27'),(82,'Madelynnburgh','Mozambique','Online','2006-11-16 14:21:33','2021-09-13 21:55:46'),(83,'North Crystal','Faroe Islands','Inactive','1996-09-05 11:21:54','2018-10-22 07:03:57'),(84,'Nienowshire','Iceland','Inactive','2014-11-25 13:25:32','2021-09-13 21:55:46'),(85,'Nayelitown','Croatia','Offline','1973-04-03 07:05:07','1993-12-25 00:37:28'),(86,'Lake Destineyside','Pitcairn Islands','Online','1982-08-24 20:07:55','2013-11-23 14:59:54'),(87,'West Durwardhaven','Mozambique','Online','2018-01-23 14:21:57','2021-09-13 21:55:46'),(88,'Port Pearl','Belgium','Inactive','2013-01-24 08:29:36','2017-07-22 12:04:23'),(89,'Brionnaland','Saint Kitts and Nevis','Online','1995-07-19 08:08:21','2021-09-13 21:55:46'),(90,'Boscohaven','United States Virgin Islands','Offline','2008-03-05 14:43:40','2021-09-13 21:55:46'),(91,'Lake Nedra','Thailand','Online','1973-01-19 18:07:03','2013-09-22 05:58:09'),(92,'Naomieport','Gambia','Online','1991-05-31 00:51:17','2021-09-13 21:55:46'),(93,'Deckowburgh','Bahamas','Online','2010-05-06 10:50:12','2021-09-13 21:55:46'),(94,'South Vallieville','Palestinian Territory','Online','2010-08-01 21:15:48','2021-09-13 21:55:46'),(95,'South Timothy','Mayotte','Inactive','2009-11-24 04:20:01','2021-09-13 21:55:46'),(96,'Roscoehaven','Hong Kong','Online','2001-02-07 19:35:35','2021-09-13 21:55:46'),(97,'Aniyahville','Svalbard & Jan Mayen Islands','Offline','1972-11-09 02:55:53','1973-11-28 15:15:32'),(98,'Luettgenmouth','Barbados','Online','2014-12-19 04:07:18','2021-09-13 21:55:46'),(99,'Delphiaville','Romania','Offline','2010-12-11 14:57:34','2021-09-13 21:55:46'),(100,'Lake Dustin','United States Virgin Islands','Offline','2004-01-11 01:12:11','2021-09-13 21:55:46');
/*!40000 ALTER TABLE `profiles` ENABLE KEYS */;
UNLOCK TABLES;

--
-- Table structure for table `users`
--

DROP TABLE IF EXISTS `users`;
/*!40101 SET @saved_cs_client     = @@character_set_client */;
/*!50503 SET character_set_client = utf8mb4 */;
CREATE TABLE `users` (
  `id` int unsigned NOT NULL AUTO_INCREMENT,
  `first_name` varchar(100) NOT NULL,
  `last_name` varchar(100) NOT NULL,
  `birthday` date NOT NULL,
  `gender` enum('M','F') NOT NULL,
  `email` varchar(100) NOT NULL,
  `phone` varchar(12) NOT NULL,
  `created_at` datetime DEFAULT CURRENT_TIMESTAMP,
  `updated_at` datetime DEFAULT CURRENT_TIMESTAMP,
  PRIMARY KEY (`id`),
  UNIQUE KEY `email` (`email`),
  UNIQUE KEY `phone` (`phone`)
) ENGINE=InnoDB AUTO_INCREMENT=101 DEFAULT CHARSET=utf8mb4 COLLATE=utf8mb4_0900_ai_ci;
/*!40101 SET character_set_client = @saved_cs_client */;

--
-- Dumping data for table `users`
--

LOCK TABLES `users` WRITE;
/*!40000 ALTER TABLE `users` DISABLE KEYS */;
INSERT INTO `users` VALUES (1,'Regan','Hand','1953-06-10','M','alfredo10@kutchrolfson.com','1-378-981-28','1994-03-25 00:17:37','1995-05-12 16:38:58'),(2,'Vernie','Walker','1984-10-02','F','craynor@swift.com','925-330-6763','2011-12-16 19:45:35','2021-09-13 21:47:42'),(3,'Antonetta','Kris','2017-03-05','F','upadberg@gmail.com','+54(9)229908','1971-06-21 12:16:26','2002-01-19 17:42:39'),(4,'Efrain','Jacobi','1985-05-14','F','prince.lebsack@hotmail.com','1-078-422-34','2009-04-26 14:54:36','2021-09-13 21:47:42'),(5,'Kristoffer','Lang','1929-08-05','F','casper.kole@yahoo.com','(130)974-283','2005-03-10 15:00:36','2021-09-13 21:47:42'),(6,'Lourdes','Cormier','1949-02-06','F','anibal.dubuque@gottliebkerluke.com','(049)319-811','2018-01-31 20:11:43','2021-09-13 21:47:42'),(7,'Dudley','Wilkinson','1973-01-24','F','bprohaska@schmittpurdy.info','(294)683-329','1990-06-23 20:41:43','2015-04-01 08:31:19'),(8,'Neil','Lakin','2008-04-18','M','toby88@lehnerbartell.com','(769)079-785','2015-07-16 09:30:51','2021-09-13 21:47:42'),(9,'Krystal','Rogahn','2000-02-01','F','bartell.elizabeth@schroeder.com','(585)176-129','2008-12-18 01:24:43','2021-09-13 21:47:42'),(10,'Austin','Howe','2020-06-09','F','zoila.reichel@cartwright.com','1-639-075-44','2016-10-31 21:48:18','2021-09-13 21:47:42'),(11,'Anastasia','Boehm','2015-09-21','M','noemi72@gmail.com','1-900-695-45','2015-09-27 04:26:27','2021-09-13 21:47:42'),(12,'Warren','Cronin','1961-04-15','F','kaylie14@hotmail.com','1-274-035-69','1987-10-31 14:25:15','2021-09-13 21:47:42'),(13,'Ashley','McDermott','2009-01-08','M','garrett84@gutmann.info','04930945108','1996-05-25 09:38:07','2011-03-19 15:27:37'),(14,'Tiara','King','2008-12-25','M','peter.walter@hotmail.com','(284)290-538','2002-03-31 17:43:39','2019-08-28 08:13:42'),(15,'Korbin','Kreiger','1956-06-16','F','jayme15@prosacco.net','1-340-778-00','2017-08-02 16:49:32','2021-09-13 21:47:42'),(16,'Fred','Zboncak','1943-04-21','F','kbeatty@hotmail.com','(547)210-902','1981-04-28 04:28:56','2004-06-09 11:37:30'),(17,'Jefferey','Satterfield','1924-07-13','F','ike.grimes@hotmail.com','973-458-5541','2002-09-13 00:13:19','2021-09-13 21:47:42'),(18,'Arlie','Weber','1938-10-08','M','erenner@hotmail.com','385-778-5731','2000-09-25 13:57:35','2021-09-13 21:47:42'),(19,'Andreane','Leannon','2019-02-13','F','frida86@hotmail.com','532-925-1224','2009-05-02 14:30:39','2021-09-13 21:47:42'),(20,'Keegan','Leffler','1989-12-19','M','maximo42@gmail.com','01435767890','2016-05-23 22:07:39','2021-09-13 21:47:42'),(21,'Daija','Grant','1930-02-04','F','rkoepp@yahoo.com','235.488.5198','1991-01-17 12:29:30','2021-09-13 21:47:42'),(22,'Austin','Kuphal','1990-06-19','F','gust81@blick.biz','864.341.4447','2008-05-21 09:33:49','2021-09-13 21:47:42'),(23,'Marc','Braun','2018-12-13','M','arturo.veum@hotmail.com','506.179.5102','2020-04-01 05:09:57','2021-09-13 21:47:42'),(24,'Lenora','O\'Connell','1942-05-19','M','okuneva.lynn@okeefe.biz','1-717-746-18','2002-03-02 04:46:12','2016-08-08 04:33:39'),(25,'Gail','Kassulke','1938-05-09','F','edmund67@schowalterraynor.net','1-443-194-69','1979-12-30 04:48:50','1981-10-06 14:43:01'),(26,'Aidan','Steuber','1960-07-09','M','cassandre71@hotmail.com','033-989-4881','2012-05-05 14:46:36','2021-09-13 21:47:42'),(27,'Jerome','McGlynn','1929-05-29','M','bstreich@hotmail.com','+62(4)731994','2016-04-13 15:10:43','2021-09-13 21:47:42'),(28,'Laura','Bruen','2014-10-18','F','henri.rempel@klein.com','(642)546-522','2004-11-28 08:32:29','2021-09-13 21:47:42'),(29,'Justice','McLaughlin','2018-08-06','M','swift.tyshawn@lang.com','273.467.3914','1973-07-16 15:28:01','2021-09-13 21:47:42'),(30,'Chelsey','McGlynn','1981-02-11','M','leland76@yahoo.com','1-620-269-32','2014-09-26 19:36:15','2021-09-13 21:47:42'),(31,'Walker','Rau','1998-08-07','F','kgraham@yahoo.com','635.202.0716','1981-11-11 07:10:52','2013-09-05 12:57:46'),(32,'Leonardo','Hessel','1953-08-11','M','stiedemann.garrison@bayershields.com','1-898-189-66','1995-04-11 14:24:46','2010-08-18 21:35:37'),(33,'Fay','Friesen','2009-11-09','M','kub.gonzalo@carroll.com','267-327-1638','1979-01-11 20:16:21','1979-11-16 06:55:57'),(34,'Bettye','Kuvalis','1986-01-09','F','aglover@hotmail.com','112.168.2000','1977-10-30 19:15:04','2021-05-03 18:08:39'),(35,'Rubye','Lubowitz','2011-09-22','M','domenick09@pollichthiel.biz','+85(6)210948','2002-12-27 17:20:46','2021-09-13 21:47:42'),(36,'Mireya','Gerhold','1961-10-30','F','donnelly.wilford@hotmail.com','843.325.9392','1991-04-16 04:04:56','2021-09-13 21:47:42'),(37,'Tatyana','Lang','1949-02-25','F','bdicki@wuckertconnelly.com','(467)275-590','2013-01-03 04:24:54','2021-09-13 21:47:42'),(38,'Abigayle','Bernhard','1998-07-21','M','ostiedemann@hotmail.com','305-699-9047','2009-12-04 13:20:15','2021-09-13 21:47:42'),(39,'Bret','Rohan','1991-07-26','F','yessenia.eichmann@hotmail.com','411.794.1657','1971-05-19 02:48:23','1990-02-27 13:45:57'),(40,'Lupe','Hilpert','1922-08-06','F','branson.breitenberg@gulgowskifahey.org','+08(5)548583','2016-09-07 22:09:16','2021-09-13 21:47:42'),(41,'Rudy','Roob','1996-08-16','F','jeramie.stamm@hotmail.com','(247)524-300','1973-02-22 21:59:15','2015-10-11 19:34:40'),(42,'Katrine','Ziemann','1934-07-10','F','tierra59@reynolds.com','+79(1)691114','1970-04-29 07:59:37','1999-11-24 08:43:42'),(43,'Lyla','Funk','1990-12-23','M','baumbach.catherine@jast.biz','379-557-0563','2009-05-10 18:02:39','2015-10-12 21:23:09'),(44,'Hilton','Hermann','1943-01-05','M','jovan38@kris.info','06860561318','2008-04-08 13:51:16','2021-02-28 22:17:54'),(45,'Glenna','Cruickshank','2010-03-01','M','brandy.sanford@okon.com','(452)490-923','1989-01-19 09:52:14','2021-09-13 21:47:42'),(46,'Rickie','Wolf','1949-01-27','F','zhegmann@mohr.com','908.902.7254','1991-10-17 01:14:42','2021-09-13 21:47:42'),(47,'Palma','Hand','2019-05-08','F','tkshlerin@hotmail.com','1-426-114-91','1983-05-12 03:46:36','2006-04-24 09:23:03'),(48,'Presley','Sporer','1962-05-04','F','eva76@hotmail.com','490-704-1583','1979-10-25 15:22:54','2010-04-08 05:05:56'),(49,'London','Koelpin','1985-06-05','M','elisha.crist@hartmann.biz','+39(1)205199','2017-11-15 16:32:40','2021-09-13 21:47:42'),(50,'Annabelle','Satterfield','1933-01-16','M','herman.treva@greenholt.com','605-337-4008','2009-04-15 19:29:40','2021-09-13 21:47:42'),(51,'Bryce','Pouros','2004-10-01','F','rnikolaus@greenschoen.net','023.997.5033','1988-05-25 21:00:35','2021-09-13 21:47:42'),(52,'Everette','Reilly','1930-05-01','M','annabelle.pagac@yahoo.com','538-800-3711','2013-01-19 21:31:53','2021-09-13 21:47:42'),(53,'Marian','Johnston','1927-05-21','M','schamberger.cassandre@bechtelar.info','(969)035-371','1986-03-06 20:42:28','1995-06-15 03:50:00'),(54,'Sanford','Zieme','1980-03-20','M','jadyn75@hotmail.com','+75(2)274976','1989-02-25 00:34:32','2009-01-07 00:29:40'),(55,'Ava','Ernser','1975-06-06','M','jude.von@thompson.net','478-938-2458','2005-06-18 09:13:56','2021-09-13 21:47:42'),(56,'Ryan','Beahan','1936-10-04','F','bdietrich@glover.com','902.102.2417','1993-10-16 15:43:39','2019-06-11 06:03:55'),(57,'Cali','Lind','1999-03-05','F','mprohaska@homenick.com','314.791.9818','2014-06-14 15:06:43','2018-07-28 15:30:14'),(58,'Gilberto','Jacobs','1971-03-02','F','patience.mills@goyetteschinner.biz','367.845.8787','1980-03-31 02:12:44','2010-01-02 08:20:08'),(59,'Jacky','Gusikowski','1992-04-14','F','lilliana.harris@hotmail.com','1-047-489-48','1975-10-14 13:10:43','1975-12-01 02:01:07'),(60,'Lorenzo','Hand','1940-07-05','M','bennett.kling@armstrong.info','07513591295','1989-04-04 22:09:26','2020-11-05 21:56:00'),(61,'Diamond','Lebsack','1979-06-17','F','xstiedemann@towneupton.biz','(589)595-395','1998-10-21 22:29:18','2013-09-01 21:01:43'),(62,'Charlie','Cummerata','2004-03-09','F','fbreitenberg@hermann.com','(241)900-624','1974-01-04 08:25:35','1999-12-31 01:41:59'),(63,'Lon','Muller','1942-08-11','M','callie39@hotmail.com','(224)598-175','2019-01-30 11:04:06','2021-09-13 21:47:42'),(64,'Nico','Wyman','1929-04-03','M','newton.o\'reilly@grady.com','078.508.6012','1992-07-03 00:33:06','2021-09-13 21:47:42'),(65,'Gisselle','Schowalter','2013-05-13','M','pschiller@yahoo.com','014.776.8241','2006-10-09 07:01:58','2021-09-13 21:47:42'),(66,'Malcolm','Upton','1993-05-05','M','kennedi.koepp@nitzschewolff.com','253-445-5839','2019-04-15 08:30:15','2021-09-13 21:47:42'),(67,'Zackery','Strosin','1926-09-16','M','stehr.larissa@kuhn.biz','(540)979-809','1991-04-18 01:29:16','2010-02-28 01:04:34'),(68,'Charity','Schmitt','1946-02-05','F','avolkman@anderson.net','00518243066','1975-02-27 01:17:04','2021-09-13 21:47:42'),(69,'Mya','Emard','1921-09-16','M','ilene.beahan@schoen.net','1-200-394-31','1973-08-01 23:27:21','2005-06-12 02:38:26'),(70,'Armani','McGlynn','2010-09-28','F','streich.stella@yahoo.com','1-006-360-44','2004-07-30 12:13:33','2021-09-13 21:47:42'),(71,'Mazie','O\'Hara','1948-02-20','M','rhauck@schuppestoltenberg.com','757-522-4821','1987-05-12 14:57:46','2021-09-13 21:47:42'),(72,'Jovanny','Luettgen','1954-07-04','M','johnson.daisha@gmail.com','1-403-874-49','1989-02-25 02:32:37','2006-04-07 08:46:23'),(73,'Summer','Oberbrunner','1944-10-27','F','wherman@harvey.com','(616)494-179','2002-11-01 18:27:10','2021-09-13 21:47:42'),(74,'Catherine','Bailey','1952-12-26','F','ajohns@yahoo.com','663.159.5866','1979-01-27 17:06:04','2001-03-30 02:24:26'),(75,'Trenton','Reichel','1935-12-25','M','ima.wehner@volkman.com','913-872-5493','1988-02-03 22:50:48','1989-07-30 12:47:55'),(76,'Enrique','Nikolaus','1924-09-04','F','hackett.vena@yahoo.com','1-011-181-89','1978-03-24 09:33:20','1981-05-05 00:54:53'),(77,'Noemi','Steuber','1928-09-04','M','winfield75@hotmail.com','1-760-472-05','2021-01-10 20:46:05','2021-09-13 21:47:42'),(78,'Arjun','Hills','2002-02-11','M','leopold70@hotmail.com','596.849.4509','1992-06-03 15:33:00','2021-07-10 21:06:50'),(79,'Abel','Okuneva','1947-01-22','M','stamm.holly@gmail.com','(274)907-576','1995-05-01 19:48:12','2021-09-13 21:47:42'),(80,'Ellsworth','Lehner','1996-11-12','M','cecelia20@mosciski.info','(452)551-650','2008-08-07 00:49:26','2021-09-13 21:47:42'),(81,'Shana','Fisher','1972-04-16','M','kunde.lane@gmail.com','(448)992-500','2004-09-15 10:44:26','2017-06-14 13:53:45'),(82,'Jayne','O\'Connell','1987-11-30','F','kiarra56@gmail.com','04931461599','1979-11-11 21:28:25','1991-09-08 01:56:56'),(83,'Elisabeth','Botsford','1971-07-01','F','brando90@hotmail.com','1-734-409-67','1988-01-19 20:06:49','1996-01-14 14:03:19'),(84,'Lauriane','McClure','1996-03-10','F','kaycee77@gmail.com','1-190-857-16','1985-09-01 15:06:23','1995-01-28 08:55:37'),(85,'Una','Haag','1996-05-17','M','florence.rau@gmail.com','485-261-8345','1980-08-13 19:45:37','1987-09-19 20:23:33'),(86,'Emmalee','Zemlak','1967-11-30','F','aspinka@yahoo.com','694.234.5880','1984-04-03 17:01:56','2002-10-08 19:09:36'),(87,'Geraldine','Gutkowski','1960-01-01','F','zzieme@champlinkulas.biz','232.469.5691','1993-05-22 19:45:32','1995-08-16 11:56:23'),(88,'Isaias','Lind','1969-01-16','F','uwelch@kovacekwill.net','1-733-290-04','1971-04-17 16:56:56','1998-04-11 10:30:46'),(89,'Caleb','Botsford','1986-07-26','F','shyann.o\'conner@block.info','(726)369-787','1982-10-04 09:43:54','2016-04-21 03:01:19'),(90,'Theresa','Becker','1923-09-06','F','white.chloe@hotmail.com','714.786.4597','2000-07-03 04:38:26','2021-09-13 21:47:42'),(91,'Emie','Haley','1978-10-12','M','wlind@weber.com','(050)783-773','1976-05-05 16:16:48','2000-02-04 19:36:26'),(92,'D\'angelo','Rempel','1977-08-02','F','treutel.alaina@reynolds.com','078-497-1361','2000-08-02 15:44:46','2021-09-13 21:47:42'),(93,'Elmore','Romaguera','1958-07-28','M','katelynn.rolfson@yahoo.com','(330)590-256','1998-09-24 17:34:45','2020-06-26 11:00:40'),(94,'Ubaldo','Borer','1990-03-05','F','cronin.braxton@gmail.com','281-413-3248','2000-09-20 09:48:37','2021-09-13 21:47:42'),(95,'Mathew','Doyle','1948-04-06','M','rwehner@jast.com','343.122.4652','2009-02-27 18:40:55','2021-09-13 21:47:42'),(96,'Vella','Collier','1934-11-19','M','kunde.annetta@hotmail.com','1-533-400-33','1975-04-30 09:58:08','1984-11-09 13:03:38'),(97,'Kelly','Swift','2010-03-30','M','dach.newton@hotmail.com','01687161289','1970-06-23 00:48:12','1989-02-07 14:51:17'),(98,'Jewel','Jast','1939-08-19','F','tturcotte@reillykeebler.biz','(180)505-463','2021-03-23 21:39:12','2021-09-13 21:47:42'),(99,'Bessie','Dietrich','1964-10-30','F','baron10@okon.org','668.043.0329','2000-10-30 21:10:00','2021-09-13 21:47:42'),(100,'Deja','Bartell','2018-12-19','M','leila.wintheiser@wisozkkoch.info','420.989.7171','2008-02-01 17:06:25','2021-09-13 21:47:42');
/*!40000 ALTER TABLE `users` ENABLE KEYS */;
UNLOCK TABLES;

--
-- Dumping routines for database 'vk'
--
/*!40103 SET TIME_ZONE=@OLD_TIME_ZONE */;

/*!40101 SET SQL_MODE=@OLD_SQL_MODE */;
/*!40014 SET FOREIGN_KEY_CHECKS=@OLD_FOREIGN_KEY_CHECKS */;
/*!40014 SET UNIQUE_CHECKS=@OLD_UNIQUE_CHECKS */;
/*!40101 SET CHARACTER_SET_CLIENT=@OLD_CHARACTER_SET_CLIENT */;
/*!40101 SET CHARACTER_SET_RESULTS=@OLD_CHARACTER_SET_RESULTS */;
/*!40101 SET COLLATION_CONNECTION=@OLD_COLLATION_CONNECTION */;
/*!40111 SET SQL_NOTES=@OLD_SQL_NOTES */;

-- Dump completed on 2021-09-14 22:30:00
